,Unnamed: 0,Unnamed: 0.1,original_image,cropped_img_name,taxonomy_cat,color_tonks,color_prob,pattern_tonks,pattern_prob,file_loc,pattern,color,Season,color_type,occasion
0,2046,2046,103900218-summer-female-fashion-composition-flat-lay-top-view-clothes-and-accessories-background-.jpg,103900218-summer-female-fashion-composition-flat-lay-top-view-clothes-and-accessories-background-_2.jpg,top,red,1,dotted,0.999999404,detected_crops_shoes/top/103900218-summer-female-fashion-composition-flat-lay-top-view-clothes-and-accessories-background-_2.jpg,['dotted'],['red'],['hot'],['highlight'],['casual']
1,2047,2047,519c9dd73b08ccda9e31406affd3fe4b.jpg,519c9dd73b08ccda9e31406affd3fe4b_2.jpg,top,beige,0.9997900128,solid,0.5412820578,detected_crops_shoes/top/519c9dd73b08ccda9e31406affd3fe4b_2.jpg,['solid'],['beige'],['hot'],['neutral'],['casual']
2,2048,2048,end-of-summmer-outfit-habituallychic.jpg,end-of-summmer-outfit-habituallychic_1.jpg,top,blue,0.9039055705,striped,0.9999997616,detected_crops_shoes/top/end-of-summmer-outfit-habituallychic_1.jpg,['striped'],['blue'],['middle'],['neutral'],['casual']
3,2049,2049,fall_outfit_flatlay_00000000.jpg,fall_outfit_flatlay_00000000_0.jpg,top,white,1,melange,0.9990135431,detected_crops_shoes/top/fall_outfit_flatlay_00000000_0.jpg,['floral'],['white'],['hot'],['neutral'],['casual']
4,2050,2050,fall_outfit_flatlay_00000001.jpg,fall_outfit_flatlay_00000001_0.jpg,top,grey,0.9905909896,geometric,0.8831881881,detected_crops_shoes/top/fall_outfit_flatlay_00000001_0.jpg,['solid'],['brown'],['middle'],['neutral'],['casual']
5,2051,2051,fall_outfit_flatlay_00000006.jpg,fall_outfit_flatlay_00000006_3.jpg,top,pink,0.5246813297,melange,0.4966984987,detected_crops_shoes/top/fall_outfit_flatlay_00000006_3.jpg,['solid'],['pink'],['middle'],['neutral'],['casual']
6,2052,2052,fall_outfit_flatlay_00000007.jpg,fall_outfit_flatlay_00000007_3.jpg,top,grey,1,plaid,0.9005503654,detected_crops_shoes/top/fall_outfit_flatlay_00000007_3.jpg,['solid'],['black'],['middle'],['neutral'],['casual']
7,2053,2053,fall_outfit_flatlay_00000008.jpg,fall_outfit_flatlay_00000008_1.jpg,top,white,1,lace,0.9939562678,detected_crops_shoes/top/fall_outfit_flatlay_00000008_1.jpg,['lace'],['white'],['hot'],['neutral'],['casual']
8,2054,2054,fall_outfit_flatlay_00000009.jpg,fall_outfit_flatlay_00000009_2.jpg,top,grey,0.9999290705,geometric,0.6317145228,detected_crops_shoes/top/fall_outfit_flatlay_00000009_2.jpg,['solid'],['black'],['cold'],['neutral'],['casual']
9,2055,2055,fall_outfit_flatlay_00000009.jpg,fall_outfit_flatlay_00000009_4.jpg,top,white,0.9534268379,striped,0.9978488684,detected_crops_shoes/top/fall_outfit_flatlay_00000009_4.jpg,['striped'],['black'],['cold'],['neutral'],['casual']
10,2056,2056,fall_outfit_flatlay_00000009.jpg,fall_outfit_flatlay_00000009_5.jpg,top,beige,0.9991039634,striped,0.8914126158,detected_crops_shoes/top/fall_outfit_flatlay_00000009_5.jpg,['solid'],['white'],['cold'],['neutral'],['casual']
11,2057,2057,fall_outfit_flatlay_00000009.jpg,fall_outfit_flatlay_00000009_6.jpg,top,beige,0.9999665022,striped,0.8821074367,detected_crops_shoes/top/fall_outfit_flatlay_00000009_6.jpg,['solid'],['brown'],['cold'],['neutral'],['casual']
12,2058,2058,fall_outfit_flatlay_00000013.jpg,fall_outfit_flatlay_00000013_2.jpg,top,grey,0.999966383,striped,0.9999998808,detected_crops_shoes/top/fall_outfit_flatlay_00000013_2.jpg,['striped'],['white'],['hot'],['neutral'],['casual']
13,2059,2059,fall_outfit_flatlay_00000014.jpg,fall_outfit_flatlay_00000014_3.jpg,top,grey,0.7011296153,geometric,0.8889343143,detected_crops_shoes/top/fall_outfit_flatlay_00000014_3.jpg,['solid'],['white'],['hot'],['neutral'],['casual']
14,2060,2060,fall_outfit_flatlay_00000020.jpg,fall_outfit_flatlay_00000020_1.jpg,top,grey,0.9994415641,striped,0.9982706308,detected_crops_shoes/top/fall_outfit_flatlay_00000020_1.jpg,['solid'],['white'],['cold'],['neutral'],['casual']
15,2061,2061,fall_outfit_flatlay_00000021.jpg,fall_outfit_flatlay_00000021_3.jpg,top,white,0.9998693466,striped,0.999973774,detected_crops_shoes/top/fall_outfit_flatlay_00000021_3.jpg,['striped'],['white'],['middle'],['neutral'],['casual']
16,2062,2062,fall_outfit_flatlay_00000025.jpg,fall_outfit_flatlay_00000025_2.jpg,top,grey,0.9999984503,striped,0.9996154308,detected_crops_shoes/top/fall_outfit_flatlay_00000025_2.jpg,['solid'],['white'],['cold'],['neutral'],['casual']
17,2063,2063,fall_outfit_flatlay_00000032.jpg,fall_outfit_flatlay_00000032_1.jpg,top,beige,1,geometric,0.7632656097,detected_crops_shoes/top/fall_outfit_flatlay_00000032_1.jpg,['solid'],['brown'],['cold'],['neutral'],['casual']
18,2064,2064,fall_outfit_flatlay_00000039.jpg,fall_outfit_flatlay_00000039_0.jpg,top,brown,0.7511364222,melange,0.9999216795,detected_crops_shoes/top/fall_outfit_flatlay_00000039_0.jpg,['solid'],['pink'],['hot'],['neutral'],['casual']
19,2065,2065,fall_outfit_flatlay_00000040.jpg,fall_outfit_flatlay_00000040_2.jpg,top,beige,0.3246265948,dotted,1,detected_crops_shoes/top/fall_outfit_flatlay_00000040_2.jpg,['dotted'],['white'],['middle'],['neutral'],['business_casual']
20,2066,2066,fall_outfit_flatlay_00000049.jpg,fall_outfit_flatlay_00000049_3.jpg,top,grey,1,plaid,0.9998127818,detected_crops_shoes/top/fall_outfit_flatlay_00000049_3.jpg,['gingham'],['grey'],['middle'],['neutral'],['casual']
21,2067,2067,fall_outfit_flatlay_00000051.jpg,fall_outfit_flatlay_00000051_3.jpg,top,white,0.9451739788,lace,0.9804676771,detected_crops_shoes/top/fall_outfit_flatlay_00000051_3.jpg,['solid'],['grey'],['cold'],['neutral'],['casual']
22,2068,2068,fall_outfit_flatlay_00000057.jpg,fall_outfit_flatlay_00000057_3.jpg,top,white,0.9999997616,lace,0.9999992847,detected_crops_shoes/top/fall_outfit_flatlay_00000057_3.jpg,['solid'],['white'],['hot'],['neutral'],['casual']
23,2069,2069,fall_outfit_flatlay_00000061.jpg,fall_outfit_flatlay_00000061_1.jpg,top,grey,0.9901248217,melange,0.9982623458,detected_crops_shoes/top/fall_outfit_flatlay_00000061_1.jpg,['solid'],['blue'],['middle'],['neutral'],['casual']
24,2070,2070,fall_outfit_flatlay_00000061.jpg,fall_outfit_flatlay_00000061_4.jpg,top,grey,0.9999995232,melange,0.8917012215,detected_crops_shoes/top/fall_outfit_flatlay_00000061_4.jpg,['solid'],['white'],['middle'],['neutral'],['business_casual']
25,2071,2071,fall_outfit_flatlay_00000062.jpg,fall_outfit_flatlay_00000062_3.jpg,top,brown,0.9972929358,gingham,0.6278461218,detected_crops_shoes/top/fall_outfit_flatlay_00000062_3.jpg,['solid'],['brown'],['cold'],['neutral'],['casual']
26,2072,2072,fall_outfit_flatlay_00000066.jpg,fall_outfit_flatlay_00000066_3.jpg,top,green,0.9999965429,melange,0.9500017762,detected_crops_shoes/top/fall_outfit_flatlay_00000066_3.jpg,['solid'],['green'],['middle'],['neutral'],['casual']
27,2073,2073,fall_outfit_flatlay_00000071.jpg,fall_outfit_flatlay_00000071_3.jpg,top,grey,0.9999967813,geometric,0.6263113022,detected_crops_shoes/top/fall_outfit_flatlay_00000071_3.jpg,['solid'],['brown'],,['neutral'],['casual']
28,2074,2074,fall_outfit_flatlay_00000072.jpg,fall_outfit_flatlay_00000072_1.jpg,top,grey,0.9999998808,melange,0.9990622401,detected_crops_shoes/top/fall_outfit_flatlay_00000072_1.jpg,['melange'],['grey'],['hot'],['neutral'],['casual']
29,2075,2075,fall_outfit_flatlay_00000073.jpg,fall_outfit_flatlay_00000073_2.jpg,top,beige,0.8668653369,plaid,0.796405673,detected_crops_shoes/top/fall_outfit_flatlay_00000073_2.jpg,['solid'],['brown'],['cold'],['neutral'],['casual']
30,2076,2076,fall_outfit_flatlay_00000078.jpg,fall_outfit_flatlay_00000078_3.jpg,top,navy,0.6546301842,gingham,0.4406205118,detected_crops_shoes/top/fall_outfit_flatlay_00000078_3.jpg,['striped'],['grey'],['middle'],['neutral'],['business_casual']
31,2077,2077,fall_outfit_flatlay_00000079.jpg,fall_outfit_flatlay_00000079_1.jpg,top,grey,0.9883290529,melange,0.9201287627,detected_crops_shoes/top/fall_outfit_flatlay_00000079_1.jpg,['solid'],['grey'],['middle'],['neutral'],['casual']
32,2078,2078,fall_outfit_flatlay_00000083.jpg,fall_outfit_flatlay_00000083_1.jpg,top,grey,0.9993824959,geometric,0.993737936,detected_crops_shoes/top/fall_outfit_flatlay_00000083_1.jpg,['solid'],['white'],['middle'],['neutral'],['casual']
33,2079,2079,fall_outfit_flatlay_00000086.jpg,fall_outfit_flatlay_00000086_2.jpg,top,brown,0.8280456662,plaid,0.9999995232,detected_crops_shoes/top/fall_outfit_flatlay_00000086_2.jpg,['plaid'],['brown'],['middle'],['neutral'],['business_casual']
34,2080,2080,fall_outfit_flatlay_00000097.jpg,fall_outfit_flatlay_00000097_2.jpg,top,beige,0.9992105961,lace,0.9972681999,detected_crops_shoes/top/fall_outfit_flatlay_00000097_2.jpg,['solid'],['white'],['cold'],['neutral'],['casual']
35,2081,2081,fall_outfit_flatlay_00000097.jpg,fall_outfit_flatlay_00000097_4.jpg,top,brown,0.9971656203,striped,0.9999580383,detected_crops_shoes/top/fall_outfit_flatlay_00000097_4.jpg,['solid'],['brown'],['cold'],['neutral'],['casual']
36,2082,2082,fall_outfit_flatlay_00000098.jpg,fall_outfit_flatlay_00000098_2.jpg,top,blue,0.9998571873,geometric,0.897575736,detected_crops_shoes/top/fall_outfit_flatlay_00000098_2.jpg,['solid'],['blue'],['hot'],['highlight'],['casual']
37,2083,2083,fall_outfit_flatlay_00000099.jpg,fall_outfit_flatlay_00000099_2.jpg,top,grey,0.9999997616,melange,0.3386093378,detected_crops_shoes/top/fall_outfit_flatlay_00000099_2.jpg,['solid'],['grey'],['cold'],['neutral'],['casual']
38,2084,2084,fall_outfit_flatlay_00000103.jpg,fall_outfit_flatlay_00000103_2.jpg,top,white,0.9999886751,melange,0.9999893904,detected_crops_shoes/top/fall_outfit_flatlay_00000103_2.jpg,['solid'],['white'],['hot'],['neutral'],['casual']
39,2085,2085,fall_outfit_flatlay_00000110.jpg,fall_outfit_flatlay_00000110_2.jpg,top,black,0.9999812841,melange,0.6116861105,detected_crops_shoes/top/fall_outfit_flatlay_00000110_2.jpg,['solid'],['black'],['cold'],['neutral'],['casual']
40,2086,2086,fall_outfit_flatlay_00000116.jpg,fall_outfit_flatlay_00000116_2.jpg,top,grey,0.9915977716,melange,0.9989115,detected_crops_shoes/top/fall_outfit_flatlay_00000116_2.jpg,['melange'],['white'],['middle'],['neutral'],['casual']
41,2087,2087,fall_outfit_flatlay_00000119.jpg,fall_outfit_flatlay_00000119_4.jpg,top,black,0.9305879474,striped,0.9999997616,detected_crops_shoes/top/fall_outfit_flatlay_00000119_4.jpg,['solid'],['black'],['middle'],['neutral'],['casual']
42,2089,2089,fall_outfit_flatlay_00000121.jpg,fall_outfit_flatlay_00000121_3.jpg,top,blue,0.9877534509,striped,0.9687049389,detected_crops_shoes/top/fall_outfit_flatlay_00000121_3.jpg,['solid'],['brown'],['cold'],['neutral'],['casual']
43,2090,2090,fall_outfit_flatlay_00000135.jpg,fall_outfit_flatlay_00000135_2.jpg,top,beige,0.9999998808,lace,0.9312984347,detected_crops_shoes/top/fall_outfit_flatlay_00000135_2.jpg,['solid'],['brown'],['cold'],['neutral'],['casual']
44,2091,2091,fall_outfit_flatlay_00000135.jpg,fall_outfit_flatlay_00000135_5.jpg,top,brown,0.9984958172,lace,0.9998829365,detected_crops_shoes/top/fall_outfit_flatlay_00000135_5.jpg,['solid'],['brown'],['cold'],['neutral'],['casual']
45,2092,2092,fall_outfit_flatlay_00000143.jpg,fall_outfit_flatlay_00000143_1.jpg,top,grey,0.9999870062,striped,0.8578557968,detected_crops_shoes/top/fall_outfit_flatlay_00000143_1.jpg,['solid'],['grey'],['cold'],['neutral'],['casual']
46,2093,2093,fall_outfit_flatlay_00000146.jpg,fall_outfit_flatlay_00000146_3.jpg,top,white,0.9999990463,striped,0.9999982119,detected_crops_shoes/top/fall_outfit_flatlay_00000146_3.jpg,['solid'],['white'],['cold'],['neutral'],['casual']
47,2094,2094,fall_outfit_flatlay_00000147.jpg,fall_outfit_flatlay_00000147_3.jpg,top,white,0.9999837875,geometric,0.9761430025,detected_crops_shoes/top/fall_outfit_flatlay_00000147_3.jpg,['cheetah'],['beige'],['cold'],['highlight'],['casual']
48,2095,2095,fall_outfit_flatlay_00000149.jpg,fall_outfit_flatlay_00000149_3.jpg,top,white,1,melange,0.6408314705,detected_crops_shoes/top/fall_outfit_flatlay_00000149_3.jpg,['solid'],['white'],['cold'],['neutral'],['casual']
49,2096,2096,fall_outfit_flatlay_00000150.jpg,fall_outfit_flatlay_00000150_3.jpg,top,grey,0.9999970198,striped,0.9993485808,detected_crops_shoes/top/fall_outfit_flatlay_00000150_3.jpg,['solid'],['white'],['cold'],['neutral'],['casual']
50,2097,2097,fall_outfit_flatlay_00000154.jpg,fall_outfit_flatlay_00000154_2.jpg,top,grey,0.999994278,striped,0.9999995232,detected_crops_shoes/top/fall_outfit_flatlay_00000154_2.jpg,['solid'],['beige'],['cold'],['neutral'],['casual']
51,2098,2098,fall_outfit_flatlay_00000156.jpg,fall_outfit_flatlay_00000156_2.jpg,top,blue,0.999997139,melange,0.9938955903,detected_crops_shoes/top/fall_outfit_flatlay_00000156_2.jpg,,['white'],['middle'],['neutral'],['casual']
52,2099,2099,fall_outfit_flatlay_00000162.jpg,fall_outfit_flatlay_00000162_3.jpg,top,navy,0.99999547,melange,0.9999139309,detected_crops_shoes/top/fall_outfit_flatlay_00000162_3.jpg,['solid'],['black'],['middle'],['neutral'],['casual']
53,2100,2100,fall_outfit_flatlay_00000164.jpg,fall_outfit_flatlay_00000164_1.jpg,top,brown,1,geometric,0.9954245687,detected_crops_shoes/top/fall_outfit_flatlay_00000164_1.jpg,['solid'],['brown'],['middle'],['highlight'],['casual']
54,2101,2101,fall_outfit_flatlay_00000165.jpg,fall_outfit_flatlay_00000165_2.jpg,top,white,0.994297564,striped,0.9999338388,detected_crops_shoes/top/fall_outfit_flatlay_00000165_2.jpg,['solid'],['white'],['cold'],['neutral'],['casual']
55,2102,2102,fall_outfit_flatlay_00000172.jpg,fall_outfit_flatlay_00000172_4.jpg,top,grey,0.9999797344,striped,0.9999989271,detected_crops_shoes/top/fall_outfit_flatlay_00000172_4.jpg,['striped'],['white'],['middle'],['neutral'],['casual']
56,2103,2103,fall_outfit_flatlay_00000174.jpg,fall_outfit_flatlay_00000174_4.jpg,top,white,0.9954888225,lace,0.9999691248,detected_crops_shoes/top/fall_outfit_flatlay_00000174_4.jpg,['solid'],['white'],['cold'],['neutral'],['casual']
57,2104,2104,fall_outfit_flatlay_00000175.jpg,fall_outfit_flatlay_00000175_3.jpg,top,white,1,melange,0.8941786289,detected_crops_shoes/top/fall_outfit_flatlay_00000175_3.jpg,['solid'],['white'],['hot'],['neutral'],['casual']
58,2105,2105,fall_outfit_flatlay_00000178.jpg,fall_outfit_flatlay_00000178_0.jpg,top,white,1,striped,0.9999890327,detected_crops_shoes/top/fall_outfit_flatlay_00000178_0.jpg,['striped'],['white'],['middle'],['neutral'],['casual']
59,2106,2106,fall_outfit_flatlay_00000180.jpg,fall_outfit_flatlay_00000180_3.jpg,top,grey,0.9853022099,striped,0.9999964237,detected_crops_shoes/top/fall_outfit_flatlay_00000180_3.jpg,['striped'],['blue'],['middle'],['neutral'],['casual']
60,2107,2107,fall_outfit_flatlay_00000188.jpg,fall_outfit_flatlay_00000188_1.jpg,top,red,0.6706846952,striped,0.9999911785,detected_crops_shoes/top/fall_outfit_flatlay_00000188_1.jpg,['striped'],['black'],['hot'],['neutral'],['exercise']
61,2108,2108,fall_outfit_flatlay_00000188.jpg,fall_outfit_flatlay_00000188_4.jpg,top,blue,0.8589148521,geometric,0.9999580383,detected_crops_shoes/top/fall_outfit_flatlay_00000188_4.jpg,['geometric'],['black'],['hot'],['highlight'],['exercise']
62,2109,2109,fall_outfit_flatlay_00000190.jpg,fall_outfit_flatlay_00000190_1.jpg,top,pink,1,dotted,0.3762668669,detected_crops_shoes/top/fall_outfit_flatlay_00000190_1.jpg,['solid'],['pink'],['hot'],['neutral'],['exercise']
63,2110,2110,fall_outfit_flatlay_00000190.jpg,fall_outfit_flatlay_00000190_2.jpg,top,grey,1,melange,0.2615510225,detected_crops_shoes/top/fall_outfit_flatlay_00000190_2.jpg,['melange'],['grey'],['middle'],['neutral'],['casual']
64,2111,2111,fall_outfit_flatlay_00000192.jpg,fall_outfit_flatlay_00000192_2.jpg,top,grey,0.9418413639,melange,0.9837575555,detected_crops_shoes/top/fall_outfit_flatlay_00000192_2.jpg,['solid'],['pink'],['middle'],['neutral'],['casual']
65,2112,2112,fall_outfit_flatlay_00000195.jpg,fall_outfit_flatlay_00000195_1.jpg,top,brown,0.9993539453,plaid,0.999989152,detected_crops_shoes/top/fall_outfit_flatlay_00000195_1.jpg,['solid'],['brown'],['cold'],['neutral'],['casual']
66,2113,2113,fall_outfit_flatlay_00000199.jpg,fall_outfit_flatlay_00000199_3.jpg,top,grey,0.9999859333,melange,0.9998543262,detected_crops_shoes/top/fall_outfit_flatlay_00000199_3.jpg,['melange'],['grey'],['middle'],['neutral'],['casual']
67,2114,2114,fall_outfit_flatlay_00000201.jpg,fall_outfit_flatlay_00000201_2.jpg,top,black,0.7717529535,melange,0.9999188185,detected_crops_shoes/top/fall_outfit_flatlay_00000201_2.jpg,['solid'],['black'],['hot'],['neutral'],['casual']
68,2115,2115,fall_outfit_flatlay_00000205.jpg,fall_outfit_flatlay_00000205_0.jpg,top,pink,1,plaid,0.9170367122,detected_crops_shoes/top/fall_outfit_flatlay_00000205_0.jpg,['solid'],['pink'],['middle'],['highlight'],
69,2116,2116,fall_outfit_flatlay_00000207.jpg,fall_outfit_flatlay_00000207_2.jpg,top,grey,1,melange,0.9963515997,detected_crops_shoes/top/fall_outfit_flatlay_00000207_2.jpg,['geometric'],['grey'],['middle'],['neutral'],['casual']
70,2117,2117,fall_outfit_flatlay_00000211.jpg,fall_outfit_flatlay_00000211_2.jpg,top,brown,0.9999992847,geometric,0.9725372195,detected_crops_shoes/top/fall_outfit_flatlay_00000211_2.jpg,['solid'],['brown'],['cold'],['neutral'],['casual']
71,2118,2118,fall_outfit_flatlay_00000211.jpg,fall_outfit_flatlay_00000211_4.jpg,top,white,0.9985859394,lace,0.9978120327,detected_crops_shoes/top/fall_outfit_flatlay_00000211_4.jpg,['solid'],['white'],['cold'],['neutral'],['casual']
72,2119,2119,fall_outfit_flatlay_00000214.jpg,fall_outfit_flatlay_00000214_3.jpg,top,grey,0.9401183128,geometric,0.9147434235,detected_crops_shoes/top/fall_outfit_flatlay_00000214_3.jpg,['solid'],['grey'],['middle'],['neutral'],['casual']
73,2120,2120,fall_outfit_flatlay_00000225.jpg,fall_outfit_flatlay_00000225_4.jpg,top,blue,0.9999998808,geometric,0.8592706919,detected_crops_shoes/top/fall_outfit_flatlay_00000225_4.jpg,['solid'],['blue'],['middle'],['neutral'],['business_casual']
74,2121,2121,fall_outfit_flatlay_00000227.jpg,fall_outfit_flatlay_00000227_1.jpg,top,grey,0.9999998808,melange,0.9996922016,detected_crops_shoes/top/fall_outfit_flatlay_00000227_1.jpg,['melange'],['grey'],['middle'],['neutral'],['casual']
75,2122,2122,fall_outfit_flatlay_00000230.jpg,fall_outfit_flatlay_00000230_3.jpg,top,grey,0.9888906479,plaid,0.8144977093,detected_crops_shoes/top/fall_outfit_flatlay_00000230_3.jpg,['solid'],['grey'],['cold'],['neutral'],['casual']
76,2123,2123,fall_outfit_flatlay_00000232.jpg,fall_outfit_flatlay_00000232_1.jpg,top,grey,0.9396340251,melange,0.999994278,detected_crops_shoes/top/fall_outfit_flatlay_00000232_1.jpg,['solid'],['white'],['cold'],['neutral'],['business_casual']
77,2124,2124,fall_outfit_flatlay_00000237.jpg,fall_outfit_flatlay_00000237_0.jpg,top,grey,0.9999991655,melange,0.9942752719,detected_crops_shoes/top/fall_outfit_flatlay_00000237_0.jpg,['melange'],['grey'],['middle'],['neutral'],['casual']
78,2125,2125,fall_outfit_flatlay_00000242.jpg,fall_outfit_flatlay_00000242_2.jpg,top,navy,0.5791994929,dotted,0.943643868,detected_crops_shoes/top/fall_outfit_flatlay_00000242_2.jpg,['floral'],['black'],['hot'],['neutral'],['casual']
79,2126,2126,fall_outfit_flatlay_00000247.jpg,fall_outfit_flatlay_00000247_0.jpg,top,black,0.9999992847,solid,0.4229536355,detected_crops_shoes/top/fall_outfit_flatlay_00000247_0.jpg,['solid'],['black'],['hot'],['neutral'],['casual']
80,2127,2127,fall_outfit_flatlay_00000248.jpg,fall_outfit_flatlay_00000248_4.jpg,top,white,0.649386704,lace,0.9999756813,detected_crops_shoes/top/fall_outfit_flatlay_00000248_4.jpg,['solid'],['white'],['cold'],['neutral'],['casual']
81,2128,2128,fall_outfit_flatlay_00000249.jpg,fall_outfit_flatlay_00000249_3.jpg,top,pink,0.9163745642,gingham,0.9450354576,detected_crops_shoes/top/fall_outfit_flatlay_00000249_3.jpg,['striped'],['red'],['middle'],['neutral'],['casual']
82,2129,2129,fall_outfit_flatlay_00000252.jpg,fall_outfit_flatlay_00000252_3.jpg,top,blue,0.9999997616,geometric,0.9988841414,detected_crops_shoes/top/fall_outfit_flatlay_00000252_3.jpg,['floral'],['blue'],['middle'],['highlight'],['business_casual']
83,2130,2130,fall_outfit_flatlay_00000291.jpg,fall_outfit_flatlay_00000291_0.jpg,top,grey,1,melange,0.9996426105,detected_crops_shoes/top/fall_outfit_flatlay_00000291_0.jpg,['melange'],['grey'],['middle'],['neutral'],['casual']
84,2131,2131,fall_outfit_flatlay_00000291.jpg,fall_outfit_flatlay_00000291_2.jpg,top,grey,0.999971509,plaid,0.9999995232,detected_crops_shoes/top/fall_outfit_flatlay_00000291_2.jpg,['plaid'],['grey'],['middle'],['neutral'],['business_casual']
85,2132,2132,fall_outfit_flatlay_00000292.jpg,fall_outfit_flatlay_00000292_4.jpg,top,blue,0.9999998808,plaid,0.9999716282,detected_crops_shoes/top/fall_outfit_flatlay_00000292_4.jpg,['plaid'],['blue'],['middle'],['highlight'],['business_casual']
86,2133,2133,fall_outfit_flatlay_00000298.jpg,fall_outfit_flatlay_00000298_3.jpg,top,purple,0.9947661161,melange,0.9999181032,detected_crops_shoes/top/fall_outfit_flatlay_00000298_3.jpg,['melange'],['red'],['middle'],['neutral'],['casual']
87,2134,2134,fall_outfit_flatlay_00000300.jpg,fall_outfit_flatlay_00000300_3.jpg,top,purple,0.9850823879,melange,0.9998980761,detected_crops_shoes/top/fall_outfit_flatlay_00000300_3.jpg,['solid'],['pink'],['middle'],['highlight'],['exercise']
88,2135,2135,fall_outfit_flatlay_00000302.jpg,fall_outfit_flatlay_00000302_1.jpg,top,grey,1,geometric,0.9270932674,detected_crops_shoes/top/fall_outfit_flatlay_00000302_1.jpg,['solid'],['grey'],['cold'],['neutral'],['casual']
89,2136,2136,fall_outfit_flatlay_00000323.jpg,fall_outfit_flatlay_00000323_2.jpg,top,white,1,melange,0.999986887,detected_crops_shoes/top/fall_outfit_flatlay_00000323_2.jpg,['solid'],['white'],['middle'],['neutral'],['exercise']
90,2137,2137,fall_outfit_flatlay_00000327.jpg,fall_outfit_flatlay_00000327_0.jpg,top,purple,0.4320096672,geometric,0.789565742,detected_crops_shoes/top/fall_outfit_flatlay_00000327_0.jpg,['solid'],['white'],['cold'],['neutral'],['casual']
91,2138,2138,fall_outfit_flatlay_00000328.jpg,fall_outfit_flatlay_00000328_2.jpg,top,grey,0.9991928935,plaid,1,detected_crops_shoes/top/fall_outfit_flatlay_00000328_2.jpg,['gingham'],['orange'],['middle'],['neutral'],['business_casual']
92,2139,2139,fall_outfit_flatlay_00000329.jpg,fall_outfit_flatlay_00000329_1.jpg,top,black,0.9999941587,dotted,0.9867978692,detected_crops_shoes/top/fall_outfit_flatlay_00000329_1.jpg,['dotted'],['black'],['middle'],['neutral'],['business_casual']
93,2140,2140,fall_outfit_flatlay_00000354.jpg,fall_outfit_flatlay_00000354_3.jpg,top,brown,0.9999991655,melange,0.9939034581,detected_crops_shoes/top/fall_outfit_flatlay_00000354_3.jpg,['solid'],['brown'],['cold'],['neutral'],['business_casual']
94,2141,2141,fall_outfit_flatlay_00000355.jpg,fall_outfit_flatlay_00000355_3.jpg,top,grey,0.9580785632,melange,0.999981761,detected_crops_shoes/top/fall_outfit_flatlay_00000355_3.jpg,['solid'],['white'],['middle'],['neutral'],['casual']
95,2142,2142,fall_outfit_flatlay_00000358.jpg,fall_outfit_flatlay_00000358_3.jpg,top,grey,0.9999990463,melange,0.9998607635,detected_crops_shoes/top/fall_outfit_flatlay_00000358_3.jpg,['solid'],['white'],['middle'],['neutral'],['casual']
96,2143,2143,fall_outfit_flatlay_00000358.jpg,fall_outfit_flatlay_00000358_4.jpg,top,grey,0.9991982579,melange,0.9997364879,detected_crops_shoes/top/fall_outfit_flatlay_00000358_4.jpg,['solid'],['blue'],['middle'],['neutral'],['casual']
97,2144,2144,fall_outfit_flatlay_00000363.jpg,fall_outfit_flatlay_00000363_3.jpg,top,blue,0.9999877214,solid,0.9999603033,detected_crops_shoes/top/fall_outfit_flatlay_00000363_3.jpg,['solid'],['blue'],['middle'],['neutral'],['casual']
98,2146,2146,fall_outfit_flatlay_00000376.jpg,fall_outfit_flatlay_00000376_2.jpg,top,black,1,solid,0.9999551773,detected_crops_shoes/top/fall_outfit_flatlay_00000376_2.jpg,['solid'],['black'],['cold'],['neutral'],['business_casual']
99,2147,2147,fall_outfit_flatlay_00000379.jpg,fall_outfit_flatlay_00000379_4.jpg,top,blue,1,dotted,0.9999558926,detected_crops_shoes/top/fall_outfit_flatlay_00000379_4.jpg,['floral'],['blue'],['middle'],['neutral'],['business_casual']
100,2148,2148,fall_outfit_flatlay_00000389.jpg,fall_outfit_flatlay_00000389_2.jpg,top,brown,0.8935086727,plaid,0.9897757769,detected_crops_shoes/top/fall_outfit_flatlay_00000389_2.jpg,['plaid'],['red'],['middle'],['highlight'],['business_casual']
101,2149,2149,fall_outfit_flatlay_00000390.jpg,fall_outfit_flatlay_00000390_0.jpg,top,blue,1,geometric,0.9925280809,detected_crops_shoes/top/fall_outfit_flatlay_00000390_0.jpg,['solid'],['blue'],['middle'],['neutral'],['casual']
102,2150,2150,fall_outfit_flatlay_00000393.jpg,fall_outfit_flatlay_00000393_2.jpg,top,white,0.9968269467,melange,0.9998102784,detected_crops_shoes/top/fall_outfit_flatlay_00000393_2.jpg,['solid'],['white'],['middle'],['neutral'],['casual']
103,2151,2151,fall_outfit_flatlay_00000393.jpg,fall_outfit_flatlay_00000393_3.jpg,top,grey,0.9392467141,striped,0.99997437,detected_crops_shoes/top/fall_outfit_flatlay_00000393_3.jpg,['striped'],['black'],['cold'],['neutral'],['casual']
104,2152,2152,fall_outfit_flatlay_00000400.jpg,fall_outfit_flatlay_00000400_1.jpg,top,grey,0.9999996424,melange,0.9999608994,detected_crops_shoes/top/fall_outfit_flatlay_00000400_1.jpg,['solid'],['white'],['middle'],['neutral'],['casual']
105,2153,2153,fall_outfit_flatlay_00000403.jpg,fall_outfit_flatlay_00000403_2.jpg,top,white,0.8000894785,striped,0.9999998808,detected_crops_shoes/top/fall_outfit_flatlay_00000403_2.jpg,['striped'],['white'],['middle'],['neutral'],['business_casual']
106,2154,2154,fall_outfit_flatlay_00000412.jpg,fall_outfit_flatlay_00000412_2.jpg,top,grey,0.8408255577,melange,0.9533783197,detected_crops_shoes/top/fall_outfit_flatlay_00000412_2.jpg,['solid'],['red'],['cold'],['highlight'],['casual']
107,2155,2155,fall_outfit_flatlay_00000416.jpg,fall_outfit_flatlay_00000416_3.jpg,top,beige,1,solid,0.445189327,detected_crops_shoes/top/fall_outfit_flatlay_00000416_3.jpg,['solid'],['beige'],['hot'],['neutral'],['casual']
108,2156,2156,fall_outfit_flatlay_00000417.jpg,fall_outfit_flatlay_00000417_4.jpg,top,white,0.9552909136,striped,0.9999910593,detected_crops_shoes/top/fall_outfit_flatlay_00000417_4.jpg,['striped'],['white'],['middle'],['neutral'],['casual']
109,2157,2157,fall_outfit_flat_lay_00000001.jpg,fall_outfit_flat_lay_00000001_2.jpg,top,beige,0.9586250782,plaid,0.8889865875,detected_crops_shoes/top/fall_outfit_flat_lay_00000001_2.jpg,['solid'],['beige'],['cold'],['neutral'],['casual']
110,2158,2158,fall_outfit_flat_lay_00000004.jpg,fall_outfit_flat_lay_00000004_2.jpg,top,grey,0.9979508519,melange,0.9998860359,detected_crops_shoes/top/fall_outfit_flat_lay_00000004_2.jpg,['solid'],['black'],['hot'],['neutral'],['casual']
111,2159,2159,fall_outfit_flat_lay_00000011.jpg,fall_outfit_flat_lay_00000011_3.jpg,top,brown,0.9982799292,geometric,0.825918138,detected_crops_shoes/top/fall_outfit_flat_lay_00000011_3.jpg,['solid'],['brown'],['cold'],['neutral'],['casual']
112,2160,2160,fall_outfit_flat_lay_00000012.jpg,fall_outfit_flat_lay_00000012_0.jpg,top,white,0.999994278,geometric,0.6039128304,detected_crops_shoes/top/fall_outfit_flat_lay_00000012_0.jpg,['geometric'],['white'],['middle'],['neutral'],['casual']
113,2161,2161,fall_outfit_flat_lay_00000020.jpg,fall_outfit_flat_lay_00000020_3.jpg,top,black,0.9999848604,melange,0.9999824762,detected_crops_shoes/top/fall_outfit_flat_lay_00000020_3.jpg,['solid'],['black'],['cold'],['neutral'],['casual']
114,2162,2162,fall_outfit_flat_lay_00000023.jpg,fall_outfit_flat_lay_00000023_2.jpg,top,grey,0.9999998808,melange,0.997656703,detected_crops_shoes/top/fall_outfit_flat_lay_00000023_2.jpg,['melange'],['grey'],['middle'],['neutral'],['casual']
115,2163,2163,fall_outfit_flat_lay_00000025.jpg,fall_outfit_flat_lay_00000025_4.jpg,top,brown,1,striped,0.6130388379,detected_crops_shoes/top/fall_outfit_flat_lay_00000025_4.jpg,['dotted'],['brown'],['cold'],['neutral'],['casual']
116,2164,2164,fall_outfit_flat_lay_00000025.jpg,fall_outfit_flat_lay_00000025_7.jpg,top,white,0.9999835491,lace,1,detected_crops_shoes/top/fall_outfit_flat_lay_00000025_7.jpg,['solid'],['white'],['cold'],['neutral'],['casual']
117,2165,2165,fall_outfit_flat_lay_00000025.jpg,fall_outfit_flat_lay_00000025_8.jpg,top,black,0.9999949932,striped,0.8319647312,detected_crops_shoes/top/fall_outfit_flat_lay_00000025_8.jpg,['striped'],['black'],['cold'],['neutral'],['casual']
118,2166,2166,fall_outfit_flat_lay_00000032.jpg,fall_outfit_flat_lay_00000032_1.jpg,top,grey,0.9999998808,melange,0.9999560118,detected_crops_shoes/top/fall_outfit_flat_lay_00000032_1.jpg,['solid'],['white'],['middle'],['neutral'],['casual']
119,2167,2167,fall_outfit_flat_lay_00000032.jpg,fall_outfit_flat_lay_00000032_4.jpg,top,blue,1,gingham,0.9935263395,detected_crops_shoes/top/fall_outfit_flat_lay_00000032_4.jpg,['gingham'],['blue'],['middle'],['neutral'],['business_casual']
120,2168,2168,fall_outfit_flat_lay_00000035.jpg,fall_outfit_flat_lay_00000035_3.jpg,top,grey,0.9998797178,striped,0.9999996424,detected_crops_shoes/top/fall_outfit_flat_lay_00000035_3.jpg,['striped'],['white'],['middle'],['neutral'],['casual']
121,2169,2169,fall_outfit_flat_lay_00000039.jpg,fall_outfit_flat_lay_00000039_2.jpg,top,grey,0.9974007607,striped,1,detected_crops_shoes/top/fall_outfit_flat_lay_00000039_2.jpg,['striped'],['white'],['middle'],['neutral'],['casual']
122,2170,2170,fall_outfit_flat_lay_00000042.jpg,fall_outfit_flat_lay_00000042_10.jpg,top,beige,0.9957291484,melange,0.999938488,detected_crops_shoes/top/fall_outfit_flat_lay_00000042_10.jpg,['solid'],['brown'],['cold'],['neutral'],['casual']
123,2171,2171,fall_outfit_flat_lay_00000042.jpg,fall_outfit_flat_lay_00000042_11.jpg,top,grey,1,melange,0.8084710836,detected_crops_shoes/top/fall_outfit_flat_lay_00000042_11.jpg,['solid'],['grey'],['cold'],['neutral'],['casual']
124,2172,2172,fall_outfit_flat_lay_00000042.jpg,fall_outfit_flat_lay_00000042_6.jpg,top,black,0.9997227788,striped,0.9962959886,detected_crops_shoes/top/fall_outfit_flat_lay_00000042_6.jpg,['striped'],['black'],['cold'],['neutral'],['casual']
125,2173,2173,fall_outfit_flat_lay_00000048.jpg,fall_outfit_flat_lay_00000048_3.jpg,top,grey,0.9999998808,plaid,0.9999991655,detected_crops_shoes/top/fall_outfit_flat_lay_00000048_3.jpg,['melange'],['grey'],['cold'],['neutral'],['business_casual']
126,2174,2174,fall_outfit_flat_lay_00000049.jpg,fall_outfit_flat_lay_00000049_2.jpg,top,grey,0.9999984503,gingham,0.6579488516,detected_crops_shoes/top/fall_outfit_flat_lay_00000049_2.jpg,['geometric'],['grey'],['middle'],['neutral'],['casual']
127,2175,2175,fall_outfit_flat_lay_00000054.jpg,fall_outfit_flat_lay_00000054_2.jpg,top,red,1,plaid,0.9999182224,detected_crops_shoes/top/fall_outfit_flat_lay_00000054_2.jpg,['plaid'],['red'],['middle'],['highlight'],['business_casual']
128,2176,2176,fall_outfit_flat_lay_00000059.jpg,fall_outfit_flat_lay_00000059_1.jpg,top,grey,0.999533534,melange,0.9998642206,detected_crops_shoes/top/fall_outfit_flat_lay_00000059_1.jpg,['melange'],['grey'],['cold'],['neutral'],['casual']
129,2177,2177,fall_outfit_flat_lay_00000059.jpg,fall_outfit_flat_lay_00000059_4.jpg,top,navy,0.9999983311,melange,0.9999094009,detected_crops_shoes/top/fall_outfit_flat_lay_00000059_4.jpg,['solid'],['navy'],['cold'],['neutral'],['casual']
130,2178,2178,fall_outfit_flat_lay_00000067.jpg,fall_outfit_flat_lay_00000067_3.jpg,top,white,0.9994844198,striped,0.9999955893,detected_crops_shoes/top/fall_outfit_flat_lay_00000067_3.jpg,['striped'],['white'],['middle'],['neutral'],['casual']
131,2179,2179,fall_outfit_flat_lay_00000069.jpg,fall_outfit_flat_lay_00000069_3.jpg,top,white,0.6667039394,striped,0.9999998808,detected_crops_shoes/top/fall_outfit_flat_lay_00000069_3.jpg,['striped'],['white'],['middle'],['neutral'],['casual']
132,2180,2180,fall_outfit_flat_lay_00000072.jpg,fall_outfit_flat_lay_00000072_3.jpg,top,navy,0.9299941659,melange,0.9915487766,detected_crops_shoes/top/fall_outfit_flat_lay_00000072_3.jpg,['melange'],['blue'],['middle'],['neutral'],['casual']
133,2181,2181,fall_outfit_flat_lay_00000074.jpg,fall_outfit_flat_lay_00000074_3.jpg,top,grey,0.999879837,gingham,0.8940032721,detected_crops_shoes/top/fall_outfit_flat_lay_00000074_3.jpg,['solid'],['grey'],['cold'],['neutral'],['casual']
134,2182,2182,fall_outfit_flat_lay_00000076.jpg,fall_outfit_flat_lay_00000076_3.jpg,top,white,1,floral,0.9999998808,detected_crops_shoes/top/fall_outfit_flat_lay_00000076_3.jpg,['floral'],['white'],['middle'],['highlight'],['business_casual']
135,2183,2183,fall_outfit_flat_lay_00000077.jpg,fall_outfit_flat_lay_00000077_3.jpg,top,blue,0.9971610308,melange,0.9998247027,detected_crops_shoes/top/fall_outfit_flat_lay_00000077_3.jpg,['solid'],['blue'],['middle'],['neutral'],['business_casual']
136,2184,2184,fall_outfit_flat_lay_00000080.jpg,fall_outfit_flat_lay_00000080_2.jpg,top,beige,0.9794564843,geometric,0.7709283829,detected_crops_shoes/top/fall_outfit_flat_lay_00000080_2.jpg,['solid'],['white'],['cold'],['neutral'],['casual']
137,2185,2185,fall_outfit_flat_lay_00000098.jpg,fall_outfit_flat_lay_00000098_3.jpg,top,black,1,melange,0.9527161717,detected_crops_shoes/top/fall_outfit_flat_lay_00000098_3.jpg,['solid'],['black'],['middle'],['highlight'],['casual']
138,2186,2186,fall_outfit_flat_lay_00000100.jpg,fall_outfit_flat_lay_00000100_2.jpg,top,grey,0.99999547,melange,0.9929793477,detected_crops_shoes/top/fall_outfit_flat_lay_00000100_2.jpg,['melange'],['grey'],['middle'],['neutral'],['casual']
139,2187,2187,fall_outfit_flat_lay_00000101.jpg,fall_outfit_flat_lay_00000101_1.jpg,top,white,0.9999995232,striped,1,detected_crops_shoes/top/fall_outfit_flat_lay_00000101_1.jpg,['striped'],['white'],['middle'],['neutral'],['casual']
140,2188,2188,fall_outfit_flat_lay_00000103.jpg,fall_outfit_flat_lay_00000103_0.jpg,top,white,1,solid,0.9996709824,detected_crops_shoes/top/fall_outfit_flat_lay_00000103_0.jpg,['solid'],['white'],['middle'],['neutral'],['casual']
141,2189,2189,fall_outfit_flat_lay_00000106.jpg,fall_outfit_flat_lay_00000106_4.jpg,top,beige,1,solid,0.8027909994,detected_crops_shoes/top/fall_outfit_flat_lay_00000106_4.jpg,['solid'],['beige'],['middle'],['neutral'],['casual']
142,2190,2190,fall_outfit_flat_lay_00000111.jpg,fall_outfit_flat_lay_00000111_3.jpg,top,white,0.5186365843,striped,0.9999997616,detected_crops_shoes/top/fall_outfit_flat_lay_00000111_3.jpg,['striped'],['white'],['hot'],['neutral'],['business_casual']
143,2191,2191,fall_outfit_flat_lay_00000114.jpg,fall_outfit_flat_lay_00000114_1.jpg,top,purple,0.9982059002,melange,0.9999946356,detected_crops_shoes/top/fall_outfit_flat_lay_00000114_1.jpg,['solid'],['pink'],['middle'],['neutral'],['casual']
144,2192,2192,fall_outfit_flat_lay_00000128.jpg,fall_outfit_flat_lay_00000128_2.jpg,top,grey,0.9996831417,gingham,0.8224523067,detected_crops_shoes/top/fall_outfit_flat_lay_00000128_2.jpg,['solid'],['white'],['cold'],['neutral'],['casual']
145,2193,2193,fall_outfit_flat_lay_00000129.jpg,fall_outfit_flat_lay_00000129_5.jpg,top,blue,0.9999918938,striped,0.9999434948,detected_crops_shoes/top/fall_outfit_flat_lay_00000129_5.jpg,['striped'],['blue'],['middle'],['neutral'],['business_casual']
146,2194,2194,fall_outfit_flat_lay_00000138.jpg,fall_outfit_flat_lay_00000138_3.jpg,top,grey,0.9987671375,melange,0.8918532729,detected_crops_shoes/top/fall_outfit_flat_lay_00000138_3.jpg,['solid'],['grey'],['cold'],['neutral'],['casual']
147,2195,2195,fall_outfit_flat_lay_00000145.jpg,fall_outfit_flat_lay_00000145_4.jpg,top,black,1,melange,0.9997947812,detected_crops_shoes/top/fall_outfit_flat_lay_00000145_4.jpg,['solid'],['black'],['middle'],['neutral'],['casual']
148,2196,2196,fall_outfit_flat_lay_00000148.jpg,fall_outfit_flat_lay_00000148_0.jpg,top,red,0.9999792576,plaid,1,detected_crops_shoes/top/fall_outfit_flat_lay_00000148_0.jpg,['plaid'],['red'],['middle'],['neutral'],['business_casual']
149,2197,2197,fall_outfit_flat_lay_00000148.jpg,fall_outfit_flat_lay_00000148_2.jpg,top,brown,1,melange,0.9866902828,detected_crops_shoes/top/fall_outfit_flat_lay_00000148_2.jpg,['solid'],['brown'],['cold'],['neutral'],['casual']
150,2198,2198,fall_outfit_flat_lay_00000148.jpg,fall_outfit_flat_lay_00000148_4.jpg,top,red,0.9989513159,striped,0.999966979,detected_crops_shoes/top/fall_outfit_flat_lay_00000148_4.jpg,['striped'],['red'],['cold'],['highlight'],['casual']
151,2199,2199,fall_outfit_flat_lay_00000156.jpg,fall_outfit_flat_lay_00000156_1.jpg,top,purple,0.9999791384,paisley,0.9505149126,detected_crops_shoes/top/fall_outfit_flat_lay_00000156_1.jpg,['geometric'],['pink'],['hot'],['highlight'],['casual']
152,2200,2200,fall_outfit_flat_lay_00000160.jpg,fall_outfit_flat_lay_00000160_1.jpg,top,blue,0.9996839762,gingham,0.9999492168,detected_crops_shoes/top/fall_outfit_flat_lay_00000160_1.jpg,['gingham'],['blue'],['middle'],['neutral'],['business_casual']
153,2201,2201,fall_outfit_flat_lay_00000160.jpg,fall_outfit_flat_lay_00000160_5.jpg,top,black,0.9999998808,solid,0.9999400377,detected_crops_shoes/top/fall_outfit_flat_lay_00000160_5.jpg,['solid'],['black'],['middle'],['neutral'],['casual']
154,2202,2202,fall_outfit_flat_lay_00000161.jpg,fall_outfit_flat_lay_00000161_2.jpg,top,grey,0.9503791332,striped,0.999989152,detected_crops_shoes/top/fall_outfit_flat_lay_00000161_2.jpg,['solid'],['black'],['cold'],['neutral'],['casual']
155,2203,2203,fall_outfit_flat_lay_00000162.jpg,fall_outfit_flat_lay_00000162_3.jpg,top,grey,0.994335711,melange,0.9993683696,detected_crops_shoes/top/fall_outfit_flat_lay_00000162_3.jpg,['solid'],['beige'],['middle'],['neutral'],['business_casual']
156,2204,2204,fall_outfit_flat_lay_00000166.jpg,fall_outfit_flat_lay_00000166_2.jpg,top,blue,0.848461926,striped,0.9999092817,detected_crops_shoes/top/fall_outfit_flat_lay_00000166_2.jpg,['striped'],['red'],['middle'],['highlight'],['casual']
157,2205,2205,fall_outfit_flat_lay_00000166.jpg,fall_outfit_flat_lay_00000166_3.jpg,top,blue,1,melange,0.9993008375,detected_crops_shoes/top/fall_outfit_flat_lay_00000166_3.jpg,['solid'],['blue'],['middle'],['neutral'],['business_casual']
158,2206,2206,fall_outfit_flat_lay_00000174.jpg,fall_outfit_flat_lay_00000174_0.jpg,top,red,0.9999997616,melange,0.9944041967,detected_crops_shoes/top/fall_outfit_flat_lay_00000174_0.jpg,['solid'],['red'],['middle'],['highlight'],['casual']
159,2207,2207,fall_outfit_flat_lay_00000179.jpg,fall_outfit_flat_lay_00000179_3.jpg,top,black,1,melange,0.9992056489,detected_crops_shoes/top/fall_outfit_flat_lay_00000179_3.jpg,['melange'],['grey'],['middle'],['neutral'],['casual']
160,2208,2208,fall_outfit_flat_lay_00000190.jpg,fall_outfit_flat_lay_00000190_0.jpg,top,navy,0.5853013992,melange,0.999992013,detected_crops_shoes/top/fall_outfit_flat_lay_00000190_0.jpg,['solid'],['black'],['middle'],['neutral'],['casual']
161,2209,2209,fall_outfit_flat_lay_00000193.jpg,fall_outfit_flat_lay_00000193_2.jpg,top,grey,0.9959127307,plaid,0.9999815226,detected_crops_shoes/top/fall_outfit_flat_lay_00000193_2.jpg,['plaid'],['orange'],['middle'],['highlight'],['business_casual']
162,2210,2210,fall_outfit_flat_lay_00000196.jpg,fall_outfit_flat_lay_00000196_0.jpg,top,navy,0.9997619987,floral,0.4116108716,detected_crops_shoes/top/fall_outfit_flat_lay_00000196_0.jpg,['floral'],['black'],['hot'],['highlight'],['casual']
163,2211,2211,fall_outfit_flat_lay_00000210.jpg,fall_outfit_flat_lay_00000210_3.jpg,top,grey,0.999997735,melange,0.999900341,detected_crops_shoes/top/fall_outfit_flat_lay_00000210_3.jpg,['geometric'],['white'],['middle'],['neutral'],['casual']
164,2212,2212,fall_outfit_flat_lay_00000224.jpg,fall_outfit_flat_lay_00000224_10.jpg,top,grey,1,melange,0.9997313619,detected_crops_shoes/top/fall_outfit_flat_lay_00000224_10.jpg,['melange'],['grey'],['middle'],['neutral'],['casual']
165,2213,2213,fall_outfit_flat_lay_00000224.jpg,fall_outfit_flat_lay_00000224_7.jpg,top,beige,1,solid,0.9994086027,detected_crops_shoes/top/fall_outfit_flat_lay_00000224_7.jpg,['solid'],['beige'],['middle'],['neutral'],['business_casual']
166,2214,2214,fall_outfit_flat_lay_00000232.jpg,fall_outfit_flat_lay_00000232_0.jpg,top,blue,1,melange,0.9266483188,detected_crops_shoes/top/fall_outfit_flat_lay_00000232_0.jpg,['solid'],['blue'],['middle'],['neutral'],['business_casual']
167,2215,2215,fall_outfit_flat_lay_00000242.jpg,fall_outfit_flat_lay_00000242_1.jpg,top,blue,0.9986875653,lace,0.9999965429,detected_crops_shoes/top/fall_outfit_flat_lay_00000242_1.jpg,['solid'],['white'],['middle'],['neutral'],['casual']
168,2216,2216,fall_outfit_flat_lay_00000261.jpg,fall_outfit_flat_lay_00000261_2.jpg,top,grey,1,floral,0.9997422099,detected_crops_shoes/top/fall_outfit_flat_lay_00000261_2.jpg,['floral'],['grey'],['hot'],['neutral'],['casual']
169,2217,2217,fall_outfit_flat_lay_00000262.jpg,fall_outfit_flat_lay_00000262_0.jpg,top,grey,0.9994895458,striped,1,detected_crops_shoes/top/fall_outfit_flat_lay_00000262_0.jpg,['striped'],['white'],['middle'],['neutral'],['casual']
170,2218,2218,fall_outfit_flat_lay_00000263.jpg,fall_outfit_flat_lay_00000263_0.jpg,top,white,0.9997207522,melange,0.9999929667,detected_crops_shoes/top/fall_outfit_flat_lay_00000263_0.jpg,['melange'],['white'],['middle'],['neutral'],['casual']
171,2219,2219,fall_outfit_flat_lay_00000264.jpg,fall_outfit_flat_lay_00000264_2.jpg,top,blue,0.9999997616,melange,0.9930298924,detected_crops_shoes/top/fall_outfit_flat_lay_00000264_2.jpg,['solid'],['blue'],['middle'],['neutral'],['business_casual']
172,2221,2221,fall_outfit_flat_lay_00000271.jpg,fall_outfit_flat_lay_00000271_3.jpg,top,white,0.987841785,striped,0.9999331236,detected_crops_shoes/top/fall_outfit_flat_lay_00000271_3.jpg,['striped'],['white'],['middle'],['neutral'],['casual']
173,2222,2222,fall_outfit_flat_lay_00000275.jpg,fall_outfit_flat_lay_00000275_3.jpg,top,purple,1,melange,0.9997615218,detected_crops_shoes/top/fall_outfit_flat_lay_00000275_3.jpg,['melange'],['pink'],['middle'],['neutral'],['casual']
174,2223,2223,fall_outfit_flat_lay_00000291.jpg,fall_outfit_flat_lay_00000291_3.jpg,top,white,1,lace,0.9426409602,detected_crops_shoes/top/fall_outfit_flat_lay_00000291_3.jpg,['solid'],['white'],['middle'],['neutral'],['casual']
175,2224,2224,fall_outfit_flat_lay_00000293.jpg,fall_outfit_flat_lay_00000293_0.jpg,top,pink,0.9997990727,lace,0.9157209992,detected_crops_shoes/top/fall_outfit_flat_lay_00000293_0.jpg,['geometric'],['orange'],['middle'],['highlight'],['business_casual']
176,2225,2225,fall_outfit_flat_lay_00000298.jpg,fall_outfit_flat_lay_00000298_3.jpg,top,pink,0.9979194999,melange,0.6608345509,detected_crops_shoes/top/fall_outfit_flat_lay_00000298_3.jpg,['solid'],['pink'],['middle'],['highlight'],['exercise']
177,2226,2226,fall_outfit_flat_lay_00000365.jpg,fall_outfit_flat_lay_00000365_3.jpg,top,navy,0.9908412695,dotted,0.9357655048,detected_crops_shoes/top/fall_outfit_flat_lay_00000365_3.jpg,['solid'],['navy'],['middle'],['neutral'],['business_casual']
178,2227,2227,fall_outfit_flat_lay_00000398.jpg,fall_outfit_flat_lay_00000398_2.jpg,top,white,1,striped,0.74868083,detected_crops_shoes/top/fall_outfit_flat_lay_00000398_2.jpg,['melange'],['white'],['middle'],['neutral'],['casual']
179,2228,2228,fall_outfit_flat_lay_00000408.jpg,fall_outfit_flat_lay_00000408_1.jpg,top,brown,0.7825441957,gingham,0.9988970757,detected_crops_shoes/top/fall_outfit_flat_lay_00000408_1.jpg,['gingham'],['red'],['middle'],['neutral'],['business_casual']
180,2229,2229,fall_outfit_flat_lay_00000439.jpg,fall_outfit_flat_lay_00000439_0.jpg,top,green,0.9999998808,plaid,0.9999918938,detected_crops_shoes/top/fall_outfit_flat_lay_00000439_0.jpg,['plaid'],['green'],['middle'],['highlight'],['business_casual']
181,2230,2230,fall_outfit_flat_lay_00000439.jpg,fall_outfit_flat_lay_00000439_4.jpg,top,grey,0.9999998808,melange,0.9993535876,detected_crops_shoes/top/fall_outfit_flat_lay_00000439_4.jpg,['melange'],['grey'],['middle'],['neutral'],['casual']
182,2231,2231,fall_outfit_flat_lay_00000443.jpg,fall_outfit_flat_lay_00000443_3.jpg,top,white,0.9999997616,lace,0.9999245405,detected_crops_shoes/top/fall_outfit_flat_lay_00000443_3.jpg,['solid'],['white'],['middle'],['neutral'],['casual']
183,2232,2232,fall_outfit_flat_lay_00000504.jpg,fall_outfit_flat_lay_00000504_3.jpg,top,navy,0.9075402617,melange,0.9975989461,detected_crops_shoes/top/fall_outfit_flat_lay_00000504_3.jpg,['solid'],['black'],['middle'],['neutral'],['business_casual']
184,2233,2233,fall_outfit_flat_lay_00000504.jpg,fall_outfit_flat_lay_00000504_5.jpg,top,grey,0.999869585,melange,0.9977362156,detected_crops_shoes/top/fall_outfit_flat_lay_00000504_5.jpg,['solid'],['black'],['middle'],['neutral'],['business_casual']
185,2234,2234,fall_outfit_flat_lay_00000512.jpg,fall_outfit_flat_lay_00000512_1.jpg,top,pink,0.9965416789,melange,0.991215229,detected_crops_shoes/top/fall_outfit_flat_lay_00000512_1.jpg,['solid'],['pink'],['middle'],['neutral'],['casual']
186,2235,2235,fall_outfit_flat_lay_00000516.jpg,fall_outfit_flat_lay_00000516_3.jpg,top,white,0.8623921871,lace,0.9987710118,detected_crops_shoes/top/fall_outfit_flat_lay_00000516_3.jpg,['solid'],['grey'],['cold'],['neutral'],['casual']
187,2236,2236,Fashion_Flat_Lay_Photography_00000005.jpg,Fashion_Flat_Lay_Photography_00000005_1.jpg,top,grey,0.9999895096,melange,0.9999052286,detected_crops_shoes/top/Fashion_Flat_Lay_Photography_00000005_1.jpg,['melange'],['grey'],['middle'],['neutral'],['casual']
188,2237,2237,Fashion_Flat_Lay_Photography_00000012.jpg,Fashion_Flat_Lay_Photography_00000012_3.jpg,top,white,0.9930033088,striped,0.999992013,detected_crops_shoes/top/Fashion_Flat_Lay_Photography_00000012_3.jpg,['striped'],['black'],['middle'],['neutral'],['business_casual']
189,2238,2238,Fashion_Flat_Lay_Photography_00000015.jpg,Fashion_Flat_Lay_Photography_00000015_2.jpg,top,blue,0.8262993097,geometric,0.973058939,detected_crops_shoes/top/Fashion_Flat_Lay_Photography_00000015_2.jpg,['geometric'],['green'],['middle'],['highlight'],['business_casual']
190,2239,2239,Fashion_Flat_Lay_Photography_00000017.jpg,Fashion_Flat_Lay_Photography_00000017_3.jpg,top,grey,1,dotted,0.7568873167,detected_crops_shoes/top/Fashion_Flat_Lay_Photography_00000017_3.jpg,['dotted'],['grey'],['cold'],['neutral'],['casual']
191,2240,2240,Fashion_Flat_Lay_Photography_00000018.jpg,Fashion_Flat_Lay_Photography_00000018_10.jpg,top,grey,1,melange,0.9997691512,detected_crops_shoes/top/Fashion_Flat_Lay_Photography_00000018_10.jpg,['melange'],['grey'],['middle'],['neutral'],['casual']
192,2241,2241,Fashion_Flat_Lay_Photography_00000018.jpg,Fashion_Flat_Lay_Photography_00000018_7.jpg,top,beige,1,solid,0.9995353222,detected_crops_shoes/top/Fashion_Flat_Lay_Photography_00000018_7.jpg,['solid'],['beige'],['middle'],['neutral'],['business_casual']
193,2242,2242,Fashion_Flat_Lay_Photography_00000037.jpg,Fashion_Flat_Lay_Photography_00000037_0.jpg,top,navy,0.8561610579,melange,0.9989783764,detected_crops_shoes/top/Fashion_Flat_Lay_Photography_00000037_0.jpg,['solid'],['black'],['middle'],['highlight'],['casual']
194,2243,2243,Fashion_Flat_Lay_Photography_00000037.jpg,Fashion_Flat_Lay_Photography_00000037_3.jpg,top,grey,0.9999997616,melange,0.9999539852,detected_crops_shoes/top/Fashion_Flat_Lay_Photography_00000037_3.jpg,['solid'],['white'],['middle'],['neutral'],['business_casual']
195,2244,2244,Fashion_Flat_Lay_Photography_00000082.jpg,Fashion_Flat_Lay_Photography_00000082_0.jpg,top,grey,0.9999558926,melange,0.9997859597,detected_crops_shoes/top/Fashion_Flat_Lay_Photography_00000082_0.jpg,['solid'],['white'],['middle'],['neutral'],['black_tie']
196,2245,2245,Fashion_Flat_Lay_Photography_00000101.jpg,Fashion_Flat_Lay_Photography_00000101_2.jpg,top,white,1,dotted,1,detected_crops_shoes/top/Fashion_Flat_Lay_Photography_00000101_2.jpg,['dotted'],['red'],['middle'],['neutral'],['business_casual']
197,2246,2246,Fashion_Flat_Lay_Photography_00000101.jpg,Fashion_Flat_Lay_Photography_00000101_4.jpg,top,red,0.9999996424,melange,0.9995620847,detected_crops_shoes/top/Fashion_Flat_Lay_Photography_00000101_4.jpg,['solid'],['red'],['middle'],['neutral'],['business_casual']
198,2247,2247,Fashion_Flat_Lay_Photography_00000124.jpg,Fashion_Flat_Lay_Photography_00000124_3.jpg,top,white,0.9999997616,striped,0.9999991655,detected_crops_shoes/top/Fashion_Flat_Lay_Photography_00000124_3.jpg,['striped'],['white'],['middle'],['neutral'],['casual']
199,2248,2248,Fashion_Flat_Lay_Photography_00000124.jpg,Fashion_Flat_Lay_Photography_00000124_4.jpg,top,white,0.9999927282,striped,0.9999985695,detected_crops_shoes/top/Fashion_Flat_Lay_Photography_00000124_4.jpg,['striped'],['black'],['middle'],['neutral'],['casual']
200,2249,2249,Fashion_Flat_Lay_Photography_00000125.jpg,Fashion_Flat_Lay_Photography_00000125_0.jpg,top,purple,0.8990260363,plaid,0.7520182133,detected_crops_shoes/top/Fashion_Flat_Lay_Photography_00000125_0.jpg,['solid'],['blue'],['middle'],['neutral'],['business_casual']
201,2250,2250,Fashion_Flat_Lay_Photography_00000125.jpg,Fashion_Flat_Lay_Photography_00000125_2.jpg,top,grey,0.9999808073,striped,0.9999982119,detected_crops_shoes/top/Fashion_Flat_Lay_Photography_00000125_2.jpg,['striped'],['white'],['middle'],['neutral'],['casual']
202,2251,2251,Fashion_Flat_Lay_Photography_00000160.jpg,Fashion_Flat_Lay_Photography_00000160_3.jpg,top,white,0.999999404,lace,0.9735962152,detected_crops_shoes/top/Fashion_Flat_Lay_Photography_00000160_3.jpg,['solid'],['white'],['middle'],['neutral'],['casual']
203,2252,2252,Fashion_Flat_Lay_Photography_00000165.jpg,Fashion_Flat_Lay_Photography_00000165_3.jpg,top,green,0.8398963213,geometric,0.9296667576,detected_crops_shoes/top/Fashion_Flat_Lay_Photography_00000165_3.jpg,['geometric'],['green'],['middle'],['highlight'],['business_casual']
204,2253,2253,Fashion_Flat_Lay_Photography_00000177.jpg,Fashion_Flat_Lay_Photography_00000177_1.jpg,top,grey,0.8894290328,striped,0.9999957085,detected_crops_shoes/top/Fashion_Flat_Lay_Photography_00000177_1.jpg,['striped'],['white'],['middle'],['neutral'],['casual']
205,2254,2254,Fashion_Flat_Lay_Photography_00000202.jpg,Fashion_Flat_Lay_Photography_00000202_0.jpg,top,grey,0.9977608919,striped,1,detected_crops_shoes/top/Fashion_Flat_Lay_Photography_00000202_0.jpg,['striped'],['grey'],['middle'],['neutral'],['casual']
206,2255,2255,Fashion_Flat_Lay_Photography_00000207.jpg,Fashion_Flat_Lay_Photography_00000207_0.jpg,top,grey,0.999999404,melange,0.9999426603,detected_crops_shoes/top/Fashion_Flat_Lay_Photography_00000207_0.jpg,['melange'],['grey'],['middle'],['neutral'],['casual']
207,2256,2256,Fashion_Flat_Lay_Photography_00000211.jpg,Fashion_Flat_Lay_Photography_00000211_3.jpg,top,white,1,melange,0.9799505472,detected_crops_shoes/top/Fashion_Flat_Lay_Photography_00000211_3.jpg,['solid'],['white'],['middle'],['neutral'],['casual']
208,2257,2257,Fashion_Flat_Lay_Photography_00000214.jpg,Fashion_Flat_Lay_Photography_00000214_1.jpg,top,purple,0.9999986887,melange,0.990549624,detected_crops_shoes/top/Fashion_Flat_Lay_Photography_00000214_1.jpg,['solid'],['purple'],['middle'],['neutral'],['business_casual']
209,2258,2258,Fashion_Flat_Lay_Photography_00000216.jpg,Fashion_Flat_Lay_Photography_00000216_0.jpg,top,white,1,solid,0.9799249172,detected_crops_shoes/top/Fashion_Flat_Lay_Photography_00000216_0.jpg,['solid'],['white'],['middle'],['neutral'],['business_casual']
210,2259,2259,Fashion_Flat_Lay_Photography_00000217.jpg,Fashion_Flat_Lay_Photography_00000217_1.jpg,top,beige,0.9658744335,geometric,0.8610680699,detected_crops_shoes/top/Fashion_Flat_Lay_Photography_00000217_1.jpg,['solid'],['white'],['middle'],['neutral'],['casual']
211,2260,2260,Fashion_Flat_Lay_Photography_00000220.jpg,Fashion_Flat_Lay_Photography_00000220_0.jpg,top,navy,0.8394140005,paisley,0.9957357645,detected_crops_shoes/top/Fashion_Flat_Lay_Photography_00000220_0.jpg,['floral'],['black'],['hot'],['highlight'],['casual']
212,2261,2261,Fashion_Flat_Lay_Photography_00000222.jpg,Fashion_Flat_Lay_Photography_00000222_3.jpg,top,grey,0.9520413876,melange,0.6873576641,detected_crops_shoes/top/Fashion_Flat_Lay_Photography_00000222_3.jpg,['solid'],['white'],['middle'],['neutral'],['business_casual']
213,2262,2262,Fashion_Flat_Lay_Photography_00000228.jpg,Fashion_Flat_Lay_Photography_00000228_1.jpg,top,grey,0.9999982119,geometric,0.9954152107,detected_crops_shoes/top/Fashion_Flat_Lay_Photography_00000228_1.jpg,['floral'],['beige'],['middle'],['neutral'],['casual']
214,2263,2263,Fashion_Flat_Lay_Photography_00000257.jpg,Fashion_Flat_Lay_Photography_00000257_3.jpg,top,green,1,solid,0.6925790906,detected_crops_shoes/top/Fashion_Flat_Lay_Photography_00000257_3.jpg,['solid'],['green'],['middle'],['neutral'],['casual']
215,2264,2264,Fashion_Flat_Lay_Photography_00000303.jpg,Fashion_Flat_Lay_Photography_00000303_2.jpg,top,white,0.9776019454,floral,0.9993818998,detected_crops_shoes/top/Fashion_Flat_Lay_Photography_00000303_2.jpg,['floral'],['black'],['middle'],['neutral'],['casual']
216,2265,2265,Fashion_Flat_Lay_Photography_00000334.jpg,Fashion_Flat_Lay_Photography_00000334_1.jpg,top,pink,0.9859386086,floral,0.9999996424,detected_crops_shoes/top/Fashion_Flat_Lay_Photography_00000334_1.jpg,['floral'],['white'],['hot'],['highlight'],['business_casual']
217,2266,2266,Fashion_Flat_Lay_Photography_00000429.jpg,Fashion_Flat_Lay_Photography_00000429_2.jpg,top,white,0.9972621202,striped,0.9999997616,detected_crops_shoes/top/Fashion_Flat_Lay_Photography_00000429_2.jpg,['striped'],['white'],['middle'],['neutral'],['casual']
218,2267,2267,Fashion_Flat_Lay_Photography_00000522.jpg,Fashion_Flat_Lay_Photography_00000522_2.jpg,top,red,1,melange,0.9361487627,detected_crops_shoes/top/Fashion_Flat_Lay_Photography_00000522_2.jpg,['solid'],['red'],['middle'],['neutral'],['casual']
219,2268,2268,Fashion_Flat_Lay_Photography_00000531.jpg,Fashion_Flat_Lay_Photography_00000531_2.jpg,top,grey,1,melange,0.9950710535,detected_crops_shoes/top/Fashion_Flat_Lay_Photography_00000531_2.jpg,['melange'],['grey'],['middle'],['neutral'],['business_casual']
220,2269,2269,Fashion_Flat_Lay_Photography_00000576.jpg,Fashion_Flat_Lay_Photography_00000576_3.jpg,top,grey,0.9999960661,striped,0.9999984503,detected_crops_shoes/top/Fashion_Flat_Lay_Photography_00000576_3.jpg,['striped'],['white'],['middle'],['neutral'],['casual']
221,2270,2270,flat_lay_outfits_spring_fashion_00000004.jpg,flat_lay_outfits_spring_fashion_00000004_0.jpg,top,grey,0.9999997616,striped,0.9999989271,detected_crops_shoes/top/flat_lay_outfits_spring_fashion_00000004_0.jpg,['striped'],['grey'],['hot'],['neutral'],['casual']
222,2271,2271,flat_lay_outfits_spring_fashion_00000013.jpg,flat_lay_outfits_spring_fashion_00000013_2.jpg,top,black,0.9999960661,floral,1,detected_crops_shoes/top/flat_lay_outfits_spring_fashion_00000013_2.jpg,['floral'],['black'],['middle'],['neutral'],['business_casual']
223,2272,2272,flat_lay_outfits_spring_fashion_00000014.jpg,flat_lay_outfits_spring_fashion_00000014_1.jpg,top,grey,1,dotted,0.9955621958,detected_crops_shoes/top/flat_lay_outfits_spring_fashion_00000014_1.jpg,['melange'],['grey'],['cold'],['neutral'],['business_casual']
224,2273,2273,flat_lay_outfits_spring_fashion_00000016.jpg,flat_lay_outfits_spring_fashion_00000016_0.jpg,top,white,1,solid,0.9997498393,detected_crops_shoes/top/flat_lay_outfits_spring_fashion_00000016_0.jpg,['solid'],['white'],['middle'],['neutral'],['business_casual']
225,2274,2274,flat_lay_outfits_spring_fashion_00000039.jpg,flat_lay_outfits_spring_fashion_00000039_2.jpg,top,blue,0.7708151937,striped,0.8906851411,detected_crops_shoes/top/flat_lay_outfits_spring_fashion_00000039_2.jpg,['solid'],['white'],['cold'],['neutral'],['casual']
226,2275,2275,flat_lay_outfits_spring_fashion_00000058.jpg,flat_lay_outfits_spring_fashion_00000058_2.jpg,top,white,0.999999404,dotted,0.9999998808,detected_crops_shoes/top/flat_lay_outfits_spring_fashion_00000058_2.jpg,['dotted'],['red'],['hot'],['highlight'],['business_casual']
227,2276,2276,flat_lay_outfits_spring_fashion_00000058.jpg,flat_lay_outfits_spring_fashion_00000058_4.jpg,top,red,0.9999864101,melange,0.9941704869,detected_crops_shoes/top/flat_lay_outfits_spring_fashion_00000058_4.jpg,['solid'],['red'],['middle'],['highlight'],['casual']
228,2277,2277,flat_lay_outfits_spring_fashion_00000078.jpg,flat_lay_outfits_spring_fashion_00000078_3.jpg,top,black,0.9999989271,melange,0.9999611378,detected_crops_shoes/top/flat_lay_outfits_spring_fashion_00000078_3.jpg,['solid'],['black'],['cold'],['neutral'],['casual']
229,2278,2278,flat_lay_outfits_spring_fashion_00000088.jpg,flat_lay_outfits_spring_fashion_00000088_2.jpg,top,green,0.999982357,melange,0.9997875094,detected_crops_shoes/top/flat_lay_outfits_spring_fashion_00000088_2.jpg,['dotted'],['green'],['hot'],['highlight'],['casual']
230,2279,2279,flat_lay_outfits_spring_fashion_00000098.jpg,flat_lay_outfits_spring_fashion_00000098_1.jpg,top,green,1,solid,0.9987601042,detected_crops_shoes/top/flat_lay_outfits_spring_fashion_00000098_1.jpg,['solid'],['green'],['hot'],['highlight'],['business_casual']
231,2280,2280,flat_lay_outfits_spring_fashion_00000104.jpg,flat_lay_outfits_spring_fashion_00000104_2.jpg,top,purple,0.9998688698,striped,0.9999246597,detected_crops_shoes/top/flat_lay_outfits_spring_fashion_00000104_2.jpg,['striped'],['white'],['hot'],['neutral'],['casual']
232,2281,2281,flat_lay_outfits_spring_fashion_00000110.jpg,flat_lay_outfits_spring_fashion_00000110_1.jpg,top,blue,0.8401409388,dotted,1,detected_crops_shoes/top/flat_lay_outfits_spring_fashion_00000110_1.jpg,['dotted'],['blue'],['middle'],['neutral'],['business_casual']
233,2282,2282,flat_lay_outfits_spring_fashion_00000131.jpg,flat_lay_outfits_spring_fashion_00000131_2.jpg,top,white,1,dotted,0.631249547,detected_crops_shoes/top/flat_lay_outfits_spring_fashion_00000131_2.jpg,['solid'],['white'],['cold'],['neutral'],['casual']
234,2283,2283,flat_lay_outfits_spring_fashion_00000147.jpg,flat_lay_outfits_spring_fashion_00000147_3.jpg,top,brown,0.9999996424,solid,0.9954733253,detected_crops_shoes/top/flat_lay_outfits_spring_fashion_00000147_3.jpg,['solid'],['brown'],['middle'],['neutral'],['business_casual']
235,2284,2284,flat_lay_outfits_spring_fashion_00000152.jpg,flat_lay_outfits_spring_fashion_00000152_3.jpg,top,purple,0.9999973774,melange,0.9999535084,detected_crops_shoes/top/flat_lay_outfits_spring_fashion_00000152_3.jpg,['melange'],['pink'],['cold'],['neutral'],['casual']
236,2285,2285,flat_lay_outfits_spring_fashion_00000158.jpg,flat_lay_outfits_spring_fashion_00000158_1.jpg,top,grey,0.9999998808,plaid,0.9794461727,detected_crops_shoes/top/flat_lay_outfits_spring_fashion_00000158_1.jpg,['solid'],['grey'],['cold'],['neutral'],['casual']
237,2286,2286,flat_lay_outfits_spring_fashion_00000163.jpg,flat_lay_outfits_spring_fashion_00000163_4.jpg,top,grey,0.9998853207,melange,0.9000834823,detected_crops_shoes/top/flat_lay_outfits_spring_fashion_00000163_4.jpg,['solid'],['white'],['middle'],['neutral'],['business_casual']
238,2287,2287,flat_lay_outfits_spring_fashion_00000170.jpg,flat_lay_outfits_spring_fashion_00000170_3.jpg,top,purple,0.5087860227,melange,0.999966383,detected_crops_shoes/top/flat_lay_outfits_spring_fashion_00000170_3.jpg,['solid'],['pink'],['middle'],['neutral'],['casual']
239,2288,2288,flat_lay_outfits_spring_fashion_00000173.jpg,flat_lay_outfits_spring_fashion_00000173_3.jpg,top,grey,0.9997124076,melange,0.9999785423,detected_crops_shoes/top/flat_lay_outfits_spring_fashion_00000173_3.jpg,['solid'],['blue'],['middle'],['neutral'],['business_casual']
240,2289,2289,flat_lay_outfits_spring_fashion_00000198.jpg,flat_lay_outfits_spring_fashion_00000198_0.jpg,top,grey,0.4943880439,striped,0.9999995232,detected_crops_shoes/top/flat_lay_outfits_spring_fashion_00000198_0.jpg,['striped'],['grey'],['middle'],['neutral'],['business_casual']
241,2290,2290,flat_lay_outfits_spring_fashion_00000212.jpg,flat_lay_outfits_spring_fashion_00000212_1.jpg,top,blue,0.9817097783,striped,0.7304756641,detected_crops_shoes/top/flat_lay_outfits_spring_fashion_00000212_1.jpg,['solid'],['white'],['hot'],['neutral'],['business_casual']
242,2291,2291,flat_lay_outfits_spring_fashion_00000258.jpg,flat_lay_outfits_spring_fashion_00000258_2.jpg,top,yellow,0.9998887777,dotted,1,detected_crops_shoes/top/flat_lay_outfits_spring_fashion_00000258_2.jpg,['dotted'],['yellow'],['hot'],['highlight'],['casual']
243,2292,2292,flat_lay_outfits_spring_fashion_00000285.jpg,flat_lay_outfits_spring_fashion_00000285_2.jpg,top,purple,0.5640550256,gingham,0.9999984503,detected_crops_shoes/top/flat_lay_outfits_spring_fashion_00000285_2.jpg,['gingham'],['blue'],['middle'],['neutral'],['business_casual']
244,2293,2293,flat_lay_outfits_spring_fashion_00000347.jpg,flat_lay_outfits_spring_fashion_00000347_3.jpg,top,blue,0.9997025132,floral,0.9994835854,detected_crops_shoes/top/flat_lay_outfits_spring_fashion_00000347_3.jpg,['floral'],['blue'],['hot'],['highlight'],['casual']
245,2294,2294,flat_lay_outfits_spring_fashion_00000404.jpg,flat_lay_outfits_spring_fashion_00000404_2.jpg,top,beige,1,solid,0.9999887943,detected_crops_shoes/top/flat_lay_outfits_spring_fashion_00000404_2.jpg,['solid'],['white'],['middle'],['neutral'],['casual']
246,2295,2295,flat_lay_outfits_spring_fashion_00000432.jpg,flat_lay_outfits_spring_fashion_00000432_3.jpg,top,grey,0.9999998808,geometric,0.9464101791,detected_crops_shoes/top/flat_lay_outfits_spring_fashion_00000432_3.jpg,['solid'],['grey'],['cold'],['neutral'],['casual']
247,2296,2296,flat_lay_outfits_spring_fashion_00000463.jpg,flat_lay_outfits_spring_fashion_00000463_2.jpg,top,blue,1,solid,0.997439146,detected_crops_shoes/top/flat_lay_outfits_spring_fashion_00000463_2.jpg,['solid'],['blue'],['middle'],['neutral'],['casual']
248,2297,2297,flat_lay_outfits_spring_fashion_00000463.jpg,flat_lay_outfits_spring_fashion_00000463_3.jpg,top,green,0.9673258066,geometric,0.9740037322,detected_crops_shoes/top/flat_lay_outfits_spring_fashion_00000463_3.jpg,['plaid'],['orange'],['middle'],['neutral'],['casual']
249,2298,2298,flat_lay_outfits_spring_fashion_00000481.jpg,flat_lay_outfits_spring_fashion_00000481_1.jpg,top,orange,0.9999688864,solid,0.9964843988,detected_crops_shoes/top/flat_lay_outfits_spring_fashion_00000481_1.jpg,['solid'],['orange'],['middle'],['neutral'],['casual']
250,2299,2299,flat_lay_outfits_spring_fashion_00000485.jpg,flat_lay_outfits_spring_fashion_00000485_3.jpg,top,pink,0.9999742508,solid,0.9413939714,detected_crops_shoes/top/flat_lay_outfits_spring_fashion_00000485_3.jpg,['solid'],['pink'],['hot'],['neutral'],['casual']
251,2300,2300,flat_lay_outfits_spring_fashion_00000502.jpg,flat_lay_outfits_spring_fashion_00000502_2.jpg,top,grey,0.9841205478,striped,0.9999836683,detected_crops_shoes/top/flat_lay_outfits_spring_fashion_00000502_2.jpg,['solid'],['brown'],['cold'],['neutral'],['casual']
252,2301,2301,Lays_Flat_Clothing_Outfit_00000015.jpg,Lays_Flat_Clothing_Outfit_00000015_0.jpg,top,white,1,melange,0.9594951272,detected_crops_shoes/top/Lays_Flat_Clothing_Outfit_00000015_0.jpg,['solid'],['white'],['middle'],['neutral'],['casual']
253,2302,2302,Lays_Flat_Clothing_Outfit_00000020.jpg,Lays_Flat_Clothing_Outfit_00000020_0.jpg,top,navy,0.9999998808,geometric,0.9587144852,detected_crops_shoes/top/Lays_Flat_Clothing_Outfit_00000020_0.jpg,['solid'],['black'],['middle'],['neutral'],['casual']
254,2303,2303,Lays_Flat_Clothing_Outfit_00000026.jpg,Lays_Flat_Clothing_Outfit_00000026_2.jpg,top,white,0.9699736834,striped,0.9999991655,detected_crops_shoes/top/Lays_Flat_Clothing_Outfit_00000026_2.jpg,['striped'],['white'],['middle'],['neutral'],['casual']
255,2304,2304,Lays_Flat_Clothing_Outfit_00000035.jpg,Lays_Flat_Clothing_Outfit_00000035_1.jpg,top,blue,0.9999680519,floral,0.9992185831,detected_crops_shoes/top/Lays_Flat_Clothing_Outfit_00000035_1.jpg,['floral'],['blue'],['middle'],['neutral'],['business_casual']
256,2305,2305,Lays_Flat_Clothing_Outfit_00000050.jpg,Lays_Flat_Clothing_Outfit_00000050_2.jpg,top,white,0.6847077608,floral,0.9978518486,detected_crops_shoes/top/Lays_Flat_Clothing_Outfit_00000050_2.jpg,['camo'],['black'],['middle'],['neutral'],['casual']
257,2306,2306,Lays_Flat_Clothing_Outfit_00000052.jpg,Lays_Flat_Clothing_Outfit_00000052_3.jpg,top,white,0.9999996424,geometric,0.5490769148,detected_crops_shoes/top/Lays_Flat_Clothing_Outfit_00000052_3.jpg,['solid'],['white'],['middle'],['neutral'],['casual']
258,2307,2307,Lays_Flat_Clothing_Outfit_00000054.jpg,Lays_Flat_Clothing_Outfit_00000054_0.jpg,top,beige,1,lace,0.9997543693,detected_crops_shoes/top/Lays_Flat_Clothing_Outfit_00000054_0.jpg,['solid'],['white'],['cold'],['neutral'],['casual']
259,2308,2308,Lays_Flat_Clothing_Outfit_00000055.jpg,Lays_Flat_Clothing_Outfit_00000055_3.jpg,top,navy,0.9955160022,dotted,0.9347473979,detected_crops_shoes/top/Lays_Flat_Clothing_Outfit_00000055_3.jpg,['solid'],['black'],['hot'],['neutral'],['casual']
260,2309,2309,Lays_Flat_Clothing_Outfit_00000056.jpg,Lays_Flat_Clothing_Outfit_00000056_3.jpg,top,beige,0.8112045527,striped,0.9985830784,detected_crops_shoes/top/Lays_Flat_Clothing_Outfit_00000056_3.jpg,['striped'],['white'],['middle'],['highlight'],['business_casual']
261,2310,2310,Lays_Flat_Clothing_Outfit_00000060.jpg,Lays_Flat_Clothing_Outfit_00000060_2.jpg,top,orange,0.8733657598,striped,0.9885686636,detected_crops_shoes/top/Lays_Flat_Clothing_Outfit_00000060_2.jpg,['striped'],['white'],['middle'],['neutral'],['casual']
262,2311,2311,Lays_Flat_Clothing_Outfit_00000068.jpg,Lays_Flat_Clothing_Outfit_00000068_3.jpg,top,white,0.9999172688,solid,0.616230607,detected_crops_shoes/top/Lays_Flat_Clothing_Outfit_00000068_3.jpg,['solid'],['white'],['middle'],['neutral'],['business_casual']
263,2312,2312,Lays_Flat_Clothing_Outfit_00000069.jpg,Lays_Flat_Clothing_Outfit_00000069_1.jpg,top,white,1,solid,0.9603943825,detected_crops_shoes/top/Lays_Flat_Clothing_Outfit_00000069_1.jpg,['solid'],['white'],['middle'],['neutral'],['business_casual']
264,2313,2313,Lays_Flat_Clothing_Outfit_00000084.jpg,Lays_Flat_Clothing_Outfit_00000084_1.jpg,top,white,0.9999998808,melange,0.9999746084,detected_crops_shoes/top/Lays_Flat_Clothing_Outfit_00000084_1.jpg,['solid'],['white'],['middle'],['neutral'],['casual']
265,2314,2314,Lays_Flat_Clothing_Outfit_00000086.jpg,Lays_Flat_Clothing_Outfit_00000086_0.jpg,top,black,0.9999989271,dotted,0.8615925312,detected_crops_shoes/top/Lays_Flat_Clothing_Outfit_00000086_0.jpg,['lace'],['black'],['hot'],['neutral'],['casual']
266,2315,2315,Lays_Flat_Clothing_Outfit_00000089.jpg,Lays_Flat_Clothing_Outfit_00000089_0.jpg,top,white,0.9944992065,striped,0.991134882,detected_crops_shoes/top/Lays_Flat_Clothing_Outfit_00000089_0.jpg,['striped'],['white'],['middle'],['neutral'],['casual']
267,2316,2316,Lays_Flat_Clothing_Outfit_00000090.jpg,Lays_Flat_Clothing_Outfit_00000090_2.jpg,top,beige,0.9865289927,geometric,0.8519909382,detected_crops_shoes/top/Lays_Flat_Clothing_Outfit_00000090_2.jpg,['solid'],['beige'],['cold'],['neutral'],['casual']
268,2317,2317,Lays_Flat_Clothing_Outfit_00000091.jpg,Lays_Flat_Clothing_Outfit_00000091_1.jpg,top,white,1,lace,0.9996601343,detected_crops_shoes/top/Lays_Flat_Clothing_Outfit_00000091_1.jpg,['lace'],['white'],['middle'],['neutral'],['business_casual']
269,2318,2318,Lays_Flat_Clothing_Outfit_00000092.jpg,Lays_Flat_Clothing_Outfit_00000092_2.jpg,top,blue,0.9997740388,plaid,0.7181820869,detected_crops_shoes/top/Lays_Flat_Clothing_Outfit_00000092_2.jpg,['solid'],['blue'],['middle'],['neutral'],['business_casual']
270,2319,2319,Lays_Flat_Clothing_Outfit_00000097.jpg,Lays_Flat_Clothing_Outfit_00000097_1.jpg,top,black,0.9999786615,floral,0.8812692165,detected_crops_shoes/top/Lays_Flat_Clothing_Outfit_00000097_1.jpg,['striped'],['black'],['middle'],['neutral'],['business_casual']
271,2320,2320,Lays_Flat_Clothing_Outfit_00000109.jpg,Lays_Flat_Clothing_Outfit_00000109_3.jpg,top,black,0.9998829365,melange,0.9999619722,detected_crops_shoes/top/Lays_Flat_Clothing_Outfit_00000109_3.jpg,['solid'],['black'],['cold'],['neutral'],['casual']
272,2321,2321,Lays_Flat_Clothing_Outfit_00000113.jpg,Lays_Flat_Clothing_Outfit_00000113_3.jpg,top,blue,0.9999837875,striped,0.9922254086,detected_crops_shoes/top/Lays_Flat_Clothing_Outfit_00000113_3.jpg,['striped'],['pink'],['middle'],['neutral'],['casual']
273,2322,2322,Lays_Flat_Clothing_Outfit_00000115.jpg,Lays_Flat_Clothing_Outfit_00000115_0.jpg,top,blue,0.999994278,melange,0.9999790192,detected_crops_shoes/top/Lays_Flat_Clothing_Outfit_00000115_0.jpg,['solid'],['blue'],['middle'],['neutral'],['casual']
274,2323,2323,Lays_Flat_Clothing_Outfit_00000119.jpg,Lays_Flat_Clothing_Outfit_00000119_2.jpg,top,white,1,melange,0.9999802113,detected_crops_shoes/top/Lays_Flat_Clothing_Outfit_00000119_2.jpg,['solid'],['white'],['middle'],['neutral'],['casual']
275,2324,2324,Lays_Flat_Clothing_Outfit_00000120.jpg,Lays_Flat_Clothing_Outfit_00000120_3.jpg,top,grey,0.5833743215,melange,0.9999741316,detected_crops_shoes/top/Lays_Flat_Clothing_Outfit_00000120_3.jpg,['melange'],['white'],['middle'],['neutral'],['casual']
276,2325,2325,Lays_Flat_Clothing_Outfit_00000121.jpg,Lays_Flat_Clothing_Outfit_00000121_1.jpg,top,grey,0.999717176,solid,0.5601396561,detected_crops_shoes/top/Lays_Flat_Clothing_Outfit_00000121_1.jpg,['solid'],['white'],['middle'],['neutral'],['casual']
277,2326,2326,Lays_Flat_Clothing_Outfit_00000124.jpg,Lays_Flat_Clothing_Outfit_00000124_4.jpg,top,grey,1,gingham,0.562086463,detected_crops_shoes/top/Lays_Flat_Clothing_Outfit_00000124_4.jpg,['melange'],['grey'],['middle'],['neutral'],['business_casual']
278,2327,2327,Lays_Flat_Clothing_Outfit_00000134.jpg,Lays_Flat_Clothing_Outfit_00000134_0.jpg,top,grey,0.8839868307,striped,0.9999982119,detected_crops_shoes/top/Lays_Flat_Clothing_Outfit_00000134_0.jpg,['striped'],['white'],['middle'],['neutral'],['casual']
279,2328,2328,Lays_Flat_Clothing_Outfit_00000139.jpg,Lays_Flat_Clothing_Outfit_00000139_0.jpg,top,green,0.952509582,floral,0.9999969006,detected_crops_shoes/top/Lays_Flat_Clothing_Outfit_00000139_0.jpg,['floral'],['white'],['hot'],['highlight'],['casual']
280,2329,2329,Lays_Flat_Clothing_Outfit_00000141.jpg,Lays_Flat_Clothing_Outfit_00000141_3.jpg,top,white,0.974889338,striped,0.9999986887,detected_crops_shoes/top/Lays_Flat_Clothing_Outfit_00000141_3.jpg,['striped'],['beige'],['middle'],['neutral'],['casual']
281,2330,2330,Lays_Flat_Clothing_Outfit_00000142.jpg,Lays_Flat_Clothing_Outfit_00000142_3.jpg,top,grey,0.9994599223,striped,0.9997604489,detected_crops_shoes/top/Lays_Flat_Clothing_Outfit_00000142_3.jpg,['solid'],['white'],['middle'],['neutral'],['casual']
282,2331,2331,Lays_Flat_Clothing_Outfit_00000143.jpg,Lays_Flat_Clothing_Outfit_00000143_3.jpg,top,pink,1,lace,0.9999777079,detected_crops_shoes/top/Lays_Flat_Clothing_Outfit_00000143_3.jpg,['lace'],['pink'],['hot'],['neutral'],['casual']
283,2332,2332,Lays_Flat_Clothing_Outfit_00000146.jpg,Lays_Flat_Clothing_Outfit_00000146_2.jpg,top,red,0.9999679327,floral,0.745503068,detected_crops_shoes/top/Lays_Flat_Clothing_Outfit_00000146_2.jpg,['solid'],['red'],['middle'],['neutral'],['casual']
284,2333,2333,Lays_Flat_Clothing_Outfit_00000151.jpg,Lays_Flat_Clothing_Outfit_00000151_1.jpg,top,grey,0.9116063714,striped,0.9999991655,detected_crops_shoes/top/Lays_Flat_Clothing_Outfit_00000151_1.jpg,['striped'],['white'],['middle'],['neutral'],['casual']
285,2334,2334,Lays_Flat_Clothing_Outfit_00000162.jpg,Lays_Flat_Clothing_Outfit_00000162_3.jpg,top,green,1,dotted,0.9943225384,detected_crops_shoes/top/Lays_Flat_Clothing_Outfit_00000162_3.jpg,['dotted'],['green'],['middle'],['neutral'],['casual']
286,2335,2335,Lays_Flat_Clothing_Outfit_00000168.jpg,Lays_Flat_Clothing_Outfit_00000168_2.jpg,top,grey,0.9999998808,melange,0.9986332059,detected_crops_shoes/top/Lays_Flat_Clothing_Outfit_00000168_2.jpg,['melange'],['grey'],['middle'],['neutral'],['casual']
287,2336,2336,Lays_Flat_Clothing_Outfit_00000170.jpg,Lays_Flat_Clothing_Outfit_00000170_3.jpg,top,purple,0.9926243424,paisley,0.9604323506,detected_crops_shoes/top/Lays_Flat_Clothing_Outfit_00000170_3.jpg,['geometric'],['pink'],['hot'],['highlight'],['casual']
288,2337,2337,Lays_Flat_Clothing_Outfit_00000176.jpg,Lays_Flat_Clothing_Outfit_00000176_2.jpg,top,beige,0.9929437041,striped,0.9998790026,detected_crops_shoes/top/Lays_Flat_Clothing_Outfit_00000176_2.jpg,['striped'],['beige'],['hot'],['neutral'],['casual']
289,2338,2338,Lays_Flat_Clothing_Outfit_00000181.jpg,Lays_Flat_Clothing_Outfit_00000181_3.jpg,top,grey,0.9999997616,melange,0.9998656511,detected_crops_shoes/top/Lays_Flat_Clothing_Outfit_00000181_3.jpg,['melange'],['grey'],['hot'],['neutral'],['exercise']
290,2339,2339,Lays_Flat_Clothing_Outfit_00000190.jpg,Lays_Flat_Clothing_Outfit_00000190_2.jpg,top,pink,0.883420825,floral,0.9999989271,detected_crops_shoes/top/Lays_Flat_Clothing_Outfit_00000190_2.jpg,['floral'],['white'],['hot'],['neutral'],['business_casual']
291,2340,2340,Lays_Flat_Clothing_Outfit_00000193.jpg,Lays_Flat_Clothing_Outfit_00000193_0.jpg,top,grey,0.9993277788,paisley,0.5802006125,detected_crops_shoes/top/Lays_Flat_Clothing_Outfit_00000193_0.jpg,['geometric'],['white'],['hot'],['neutral'],['casual']
292,2341,2341,Lays_Flat_Clothing_Outfit_00000204.jpg,Lays_Flat_Clothing_Outfit_00000204_3.jpg,top,white,0.9999997616,lace,1,detected_crops_shoes/top/Lays_Flat_Clothing_Outfit_00000204_3.jpg,['lace'],['white'],['hot'],['neutral'],['business_casual']
293,2342,2342,Lays_Flat_Clothing_Outfit_00000209.jpg,Lays_Flat_Clothing_Outfit_00000209_3.jpg,top,grey,0.9949740171,lace,0.997418642,detected_crops_shoes/top/Lays_Flat_Clothing_Outfit_00000209_3.jpg,['solid'],['white'],['hot'],['neutral'],['casual']
294,2343,2343,Lays_Flat_Clothing_Outfit_00000210.jpg,Lays_Flat_Clothing_Outfit_00000210_3.jpg,top,white,0.9999997616,melange,0.9999924898,detected_crops_shoes/top/Lays_Flat_Clothing_Outfit_00000210_3.jpg,['solid'],['white'],['middle'],['neutral'],['casual']
295,2344,2344,Lays_Flat_Clothing_Outfit_00000213.jpg,Lays_Flat_Clothing_Outfit_00000213_2.jpg,top,grey,0.9893180728,gingham,0.8305373192,detected_crops_shoes/top/Lays_Flat_Clothing_Outfit_00000213_2.jpg,['solid'],['grey'],['cold'],['neutral'],['casual']
296,2345,2345,Lays_Flat_Clothing_Outfit_00000229.jpg,Lays_Flat_Clothing_Outfit_00000229_1.jpg,top,green,0.999985218,melange,0.9998492002,detected_crops_shoes/top/Lays_Flat_Clothing_Outfit_00000229_1.jpg,['solid'],['black'],['hot'],['neutral'],['casual']
297,2346,2346,Lays_Flat_Clothing_Outfit_00000241.jpg,Lays_Flat_Clothing_Outfit_00000241_2.jpg,top,grey,0.9996545315,striped,0.981390059,detected_crops_shoes/top/Lays_Flat_Clothing_Outfit_00000241_2.jpg,['solid'],['white'],['cold'],['neutral'],['casual']
298,2347,2347,Lays_Flat_Clothing_Outfit_00000245.jpg,Lays_Flat_Clothing_Outfit_00000245_3.jpg,top,white,1,solid,0.96220541,detected_crops_shoes/top/Lays_Flat_Clothing_Outfit_00000245_3.jpg,['solid'],['white'],['middle'],['neutral'],['casual']
299,2348,2348,Lays_Flat_Clothing_Outfit_00000247.jpg,Lays_Flat_Clothing_Outfit_00000247_3.jpg,top,grey,0.9993497729,striped,0.9999934435,detected_crops_shoes/top/Lays_Flat_Clothing_Outfit_00000247_3.jpg,['striped'],['white'],['middle'],['neutral'],['casual']
300,2349,2349,Lays_Flat_Clothing_Outfit_00000250.jpg,Lays_Flat_Clothing_Outfit_00000250_3.jpg,top,blue,0.999999404,paisley,0.9868242145,detected_crops_shoes/top/Lays_Flat_Clothing_Outfit_00000250_3.jpg,['paisley'],['blue'],['middle'],['highlight'],['business_casual']
301,2350,2350,Lays_Flat_Clothing_Outfit_00000261.jpg,Lays_Flat_Clothing_Outfit_00000261_3.jpg,top,white,0.9999036789,dotted,1,detected_crops_shoes/top/Lays_Flat_Clothing_Outfit_00000261_3.jpg,['dotted'],['white'],['middle'],['neutral'],['casual']
302,2351,2351,Lays_Flat_Clothing_Outfit_00000265.jpg,Lays_Flat_Clothing_Outfit_00000265_3.jpg,top,blue,1,melange,0.5869045258,detected_crops_shoes/top/Lays_Flat_Clothing_Outfit_00000265_3.jpg,['solid'],['blue'],['middle'],['neutral'],['business_casual']
303,2352,2352,Lays_Flat_Clothing_Outfit_00000267.jpg,Lays_Flat_Clothing_Outfit_00000267_2.jpg,top,blue,0.9999973774,striped,0.9999879599,detected_crops_shoes/top/Lays_Flat_Clothing_Outfit_00000267_2.jpg,['striped'],['white'],['middle'],['neutral'],['casual']
304,2353,2353,Lays_Flat_Clothing_Outfit_00000295.jpg,Lays_Flat_Clothing_Outfit_00000295_3.jpg,top,red,1,solid,0.9610033631,detected_crops_shoes/top/Lays_Flat_Clothing_Outfit_00000295_3.jpg,['solid'],['red'],['cold'],['neutral'],['casual']
305,2354,2354,Lays_Flat_Clothing_Outfit_00000299.jpg,Lays_Flat_Clothing_Outfit_00000299_3.jpg,top,beige,0.8253567219,melange,0.9999970198,detected_crops_shoes/top/Lays_Flat_Clothing_Outfit_00000299_3.jpg,['melange'],['pink'],['cold'],['neutral'],['exercise']
306,2355,2355,Lays_Flat_Clothing_Outfit_00000300.jpg,Lays_Flat_Clothing_Outfit_00000300_0.jpg,top,grey,0.9996538162,melange,0.9999351501,detected_crops_shoes/top/Lays_Flat_Clothing_Outfit_00000300_0.jpg,['melange'],['brown'],['middle'],['neutral'],['casual']
307,2356,2356,Lays_Flat_Clothing_Outfit_00000302.jpg,Lays_Flat_Clothing_Outfit_00000302_3.jpg,top,grey,0.9999973774,striped,0.999987483,detected_crops_shoes/top/Lays_Flat_Clothing_Outfit_00000302_3.jpg,['solid'],['grey'],['cold'],['neutral'],['casual']
308,2357,2357,Lays_Flat_Clothing_Outfit_00000309.jpg,Lays_Flat_Clothing_Outfit_00000309_0.jpg,top,grey,0.9999856949,dotted,0.8731863499,detected_crops_shoes/top/Lays_Flat_Clothing_Outfit_00000309_0.jpg,['melange'],['grey'],['cold'],['neutral'],['casual']
309,2358,2358,Lays_Flat_Clothing_Outfit_00000309.jpg,Lays_Flat_Clothing_Outfit_00000309_1.jpg,top,orange,0.8375214934,dotted,0.9999963045,detected_crops_shoes/top/Lays_Flat_Clothing_Outfit_00000309_1.jpg,['solid'],['pink'],['hot'],['neutral'],['casual']
310,2359,2359,Lays_Flat_Clothing_Outfit_00000315.jpg,Lays_Flat_Clothing_Outfit_00000315_1.jpg,top,white,0.9523717761,floral,0.8954755664,detected_crops_shoes/top/Lays_Flat_Clothing_Outfit_00000315_1.jpg,['solid'],['blue'],['middle'],['neutral'],['business_casual']
311,2360,2360,Lays_Flat_Clothing_Outfit_00000333.jpg,Lays_Flat_Clothing_Outfit_00000333_3.jpg,top,yellow,1,geometric,0.9999138117,detected_crops_shoes/top/Lays_Flat_Clothing_Outfit_00000333_3.jpg,['solid'],['yellow'],['cold'],['highlight'],['casual']
312,2361,2361,Lays_Flat_Clothing_Outfit_00000340.jpg,Lays_Flat_Clothing_Outfit_00000340_3.jpg,top,grey,0.9999998808,plaid,0.8943967819,detected_crops_shoes/top/Lays_Flat_Clothing_Outfit_00000340_3.jpg,['melange'],['grey'],['cold'],['neutral'],['casual']
313,2362,2362,Lays_Flat_Clothing_Outfit_00000341.jpg,Lays_Flat_Clothing_Outfit_00000341_1.jpg,top,navy,0.6819283962,melange,0.9999883175,detected_crops_shoes/top/Lays_Flat_Clothing_Outfit_00000341_1.jpg,['solid'],['black'],['hot'],['neutral'],['exercise']
314,2363,2363,Lays_Flat_Clothing_Outfit_00000390.jpg,Lays_Flat_Clothing_Outfit_00000390_2.jpg,top,brown,0.7474876046,geometric,0.9971350431,detected_crops_shoes/top/Lays_Flat_Clothing_Outfit_00000390_2.jpg,['solid'],['brown'],['cold'],['neutral'],['casual']
315,2364,2364,Lays_Flat_Clothing_Outfit_00000392.jpg,Lays_Flat_Clothing_Outfit_00000392_3.jpg,top,grey,0.9762162566,plaid,0.8571639657,detected_crops_shoes/top/Lays_Flat_Clothing_Outfit_00000392_3.jpg,['melange'],['grey'],['cold'],['neutral'],['casual']
316,2365,2365,Lays_Flat_Clothing_Outfit_00000397.jpg,Lays_Flat_Clothing_Outfit_00000397_0.jpg,top,grey,0.9977425337,melange,0.9990577102,detected_crops_shoes/top/Lays_Flat_Clothing_Outfit_00000397_0.jpg,['melange'],['grey'],['middle'],['neutral'],['casual']
317,2366,2366,Lays_Flat_Clothing_Outfit_00000407.jpg,Lays_Flat_Clothing_Outfit_00000407_3.jpg,top,orange,0.9962925315,striped,0.9896097183,detected_crops_shoes/top/Lays_Flat_Clothing_Outfit_00000407_3.jpg,['solid'],['brown'],['cold'],['neutral'],['casual']
318,2367,2367,Lays_Flat_Clothing_Outfit_00000414.jpg,Lays_Flat_Clothing_Outfit_00000414_2.jpg,top,black,0.99999547,melange,0.9484086633,detected_crops_shoes/top/Lays_Flat_Clothing_Outfit_00000414_2.jpg,['melange'],['black'],['middle'],['neutral'],['casual']
319,2368,2368,Lays_Flat_Clothing_Outfit_00000433.jpg,Lays_Flat_Clothing_Outfit_00000433_3.jpg,top,grey,0.9580233693,lace,0.9901100993,detected_crops_shoes/top/Lays_Flat_Clothing_Outfit_00000433_3.jpg,['solid'],['white'],['middle'],['neutral'],['casual']
320,2369,2369,Lays_Flat_Clothing_Outfit_00000434.jpg,Lays_Flat_Clothing_Outfit_00000434_3.jpg,top,white,0.9999997616,lace,0.9999229908,detected_crops_shoes/top/Lays_Flat_Clothing_Outfit_00000434_3.jpg,['solid'],['white'],['middle'],['neutral'],['casual']
321,2370,2370,Lays_Flat_Clothing_Outfit_00000437.jpg,Lays_Flat_Clothing_Outfit_00000437_4.jpg,top,white,0.9898596406,striped,0.9135686755,detected_crops_shoes/top/Lays_Flat_Clothing_Outfit_00000437_4.jpg,['solid'],['white'],['middle'],['neutral'],['casual']
322,2371,2371,Lays_Flat_Clothing_Outfit_00000440.jpg,Lays_Flat_Clothing_Outfit_00000440_3.jpg,top,white,0.9999829531,cheetah,0.9978461266,detected_crops_shoes/top/Lays_Flat_Clothing_Outfit_00000440_3.jpg,['solid'],['white'],['middle'],['neutral'],['casual']
323,2372,2372,Lays_Flat_Clothing_Outfit_00000442.jpg,Lays_Flat_Clothing_Outfit_00000442_3.jpg,top,grey,0.9999998808,melange,0.6489847302,detected_crops_shoes/top/Lays_Flat_Clothing_Outfit_00000442_3.jpg,['melange'],['grey'],['middle'],['neutral'],['business_casual']